{
"type": "FeatureCollection",
"name": "london_police_points",
"crs": { "type": "name", "properties": { "name": "urn:ogc:def:crs:OGC:1.3:CRS84" } },
"features": [
{ "type": "Feature", "properties": { "name": "Leatherhead" }, "geometry": { "type": "Point", "coordinates": [ -0.3302208, 51.2996571 ] } },
{ "type": "Feature", "properties": { "name": null }, "geometry": { "type": "Point", "coordinates": [ -0.0142322, 51.4306712 ] } },
{ "type": "Feature", "properties": { "name": null }, "geometry": { "type": "Point", "coordinates": [ -0.0138366, 51.4307607 ] } },
{ "type": "Feature", "properties": { "name": null }, "geometry": { "type": "Point", "coordinates": [ -0.0144536, 51.4306205 ] } },
{ "type": "Feature", "properties": { "name": null }, "geometry": { "type": "Point", "coordinates": [ -0.0148805, 51.4305254 ] } },
{ "type": "Feature", "properties": { "name": null }, "geometry": { "type": "Point", "coordinates": [ -0.0151462, 51.4308294 ] } },
{ "type": "Feature", "properties": { "name": null }, "geometry": { "type": "Point", "coordinates": [ -0.0141096, 51.4310915 ] } },
{ "type": "Feature", "properties": { "name": null }, "geometry": { "type": "Point", "coordinates": [ 0.1704259, 51.3977925 ] } },
{ "type": "Feature", "properties": { "name": null }, "geometry": { "type": "Point", "coordinates": [ -0.2035563, 51.4210511 ] } },
{ "type": "Feature", "properties": { "name": null }, "geometry": { "type": "Point", "coordinates": [ -0.0597668, 51.5030787 ] } },
{ "type": "Feature", "properties": { "name": "Rickmansworth Police Station" }, "geometry": { "type": "Point", "coordinates": [ -0.4685187, 51.639597 ] } },
{ "type": "Feature", "properties": { "name": "Streatham Police Station" }, "geometry": { "type": "Point", "coordinates": [ -0.1296296, 51.430343 ] } },
{ "type": "Feature", "properties": { "name": "Parks Police" }, "geometry": { "type": "Point", "coordinates": [ -0.2035509, 51.5014236 ] } },
{ "type": "Feature", "properties": { "name": "Barnet Police Station" }, "geometry": { "type": "Point", "coordinates": [ -0.198299, 51.6525188 ] } },
{ "type": "Feature", "properties": { "name": null }, "geometry": { "type": "Point", "coordinates": [ -0.1134253, 51.4645158 ] } },
{ "type": "Feature", "properties": { "name": null }, "geometry": { "type": "Point", "coordinates": [ -0.1906672, 51.3612018 ] } },
{ "type": "Feature", "properties": { "name": null }, "geometry": { "type": "Point", "coordinates": [ -0.1907784, 51.3613868 ] } },
{ "type": "Feature", "properties": { "name": null }, "geometry": { "type": "Point", "coordinates": [ -0.1899598, 51.3615673 ] } },
{ "type": "Feature", "properties": { "name": null }, "geometry": { "type": "Point", "coordinates": [ -0.1908289, 51.361017 ] } },
{ "type": "Feature", "properties": { "name": "Ilford Police Station" }, "geometry": { "type": "Point", "coordinates": [ 0.0801659, 51.5601438 ] } },
{ "type": "Feature", "properties": { "name": "Woodford Police Station" }, "geometry": { "type": "Point", "coordinates": [ 0.0228722, 51.6118361 ] } },
{ "type": "Feature", "properties": { "name": "Albany Street Police Station" }, "geometry": { "type": "Point", "coordinates": [ -0.1440082, 51.5265494 ] } },
{ "type": "Feature", "properties": { "name": null }, "geometry": { "type": "Point", "coordinates": [ -0.1657625, 51.5078982 ] } },
{ "type": "Feature", "properties": { "name": null }, "geometry": { "type": "Point", "coordinates": [ -0.1653285, 51.5083048 ] } },
{ "type": "Feature", "properties": { "name": null }, "geometry": { "type": "Point", "coordinates": [ -0.1653157, 51.5079429 ] } },
{ "type": "Feature", "properties": { "name": null }, "geometry": { "type": "Point", "coordinates": [ -0.1658954, 51.5082701 ] } },
{ "type": "Feature", "properties": { "name": null }, "geometry": { "type": "Point", "coordinates": [ -0.095956, 51.3709177 ] } },
{ "type": "Feature", "properties": { "name": null }, "geometry": { "type": "Point", "coordinates": [ -0.0954729, 51.3709538 ] } },
{ "type": "Feature", "properties": { "name": null }, "geometry": { "type": "Point", "coordinates": [ -0.0798063, 51.5177231 ] } },
{ "type": "Feature", "properties": { "name": null }, "geometry": { "type": "Point", "coordinates": [ -0.0789239, 51.5171992 ] } },
{ "type": "Feature", "properties": { "name": null }, "geometry": { "type": "Point", "coordinates": [ -0.3639262, 51.4692328 ] } },
{ "type": "Feature", "properties": { "name": null }, "geometry": { "type": "Point", "coordinates": [ -0.3638374, 51.4690035 ] } },
{ "type": "Feature", "properties": { "name": null }, "geometry": { "type": "Point", "coordinates": [ -0.364521, 51.468923 ] } },
{ "type": "Feature", "properties": { "name": null }, "geometry": { "type": "Point", "coordinates": [ -0.0642145, 51.4746326 ] } },
{ "type": "Feature", "properties": { "name": null }, "geometry": { "type": "Point", "coordinates": [ -0.0646823, 51.4741211 ] } },
{ "type": "Feature", "properties": { "name": null }, "geometry": { "type": "Point", "coordinates": [ -0.0651488, 51.4740943 ] } },
{ "type": "Feature", "properties": { "name": null }, "geometry": { "type": "Point", "coordinates": [ -0.0648157, 51.4748059 ] } },
{ "type": "Feature", "properties": { "name": "Oxhey Police Station" }, "geometry": { "type": "Point", "coordinates": [ -0.3892175, 51.6258643 ] } },
{ "type": "Feature", "properties": { "name": null }, "geometry": { "type": "Point", "coordinates": [ -0.1104364, 51.5340739 ] } },
{ "type": "Feature", "properties": { "name": null }, "geometry": { "type": "Point", "coordinates": [ -0.1103209, 51.5337942 ] } },
{ "type": "Feature", "properties": { "name": null }, "geometry": { "type": "Point", "coordinates": [ -0.1108634, 51.5337071 ] } },
{ "type": "Feature", "properties": { "name": null }, "geometry": { "type": "Point", "coordinates": [ -0.1108103, 51.5335711 ] } },
{ "type": "Feature", "properties": { "name": null }, "geometry": { "type": "Point", "coordinates": [ -0.111319, 51.5335312 ] } },
{ "type": "Feature", "properties": { "name": null }, "geometry": { "type": "Point", "coordinates": [ -0.1113358, 51.5339347 ] } },
{ "type": "Feature", "properties": { "name": null }, "geometry": { "type": "Point", "coordinates": [ -0.1111411, 51.533965 ] } },
{ "type": "Feature", "properties": { "name": null }, "geometry": { "type": "Point", "coordinates": [ -0.1108044, 51.5340163 ] } },
{ "type": "Feature", "properties": { "name": null }, "geometry": { "type": "Point", "coordinates": [ -0.1106025, 51.5340095 ] } },
{ "type": "Feature", "properties": { "name": null }, "geometry": { "type": "Point", "coordinates": [ -0.1106186, 51.5340455 ] } },
{ "type": "Feature", "properties": { "name": null }, "geometry": { "type": "Point", "coordinates": [ -0.0792132, 51.5175463 ] } },
{ "type": "Feature", "properties": { "name": null }, "geometry": { "type": "Point", "coordinates": [ -0.1989924, 51.4572496 ] } },
{ "type": "Feature", "properties": { "name": null }, "geometry": { "type": "Point", "coordinates": [ -0.1991854, 51.4577043 ] } },
{ "type": "Feature", "properties": { "name": null }, "geometry": { "type": "Point", "coordinates": [ -0.1991495, 51.4576219 ] } },
{ "type": "Feature", "properties": { "name": null }, "geometry": { "type": "Point", "coordinates": [ -0.1986017, 51.4570503 ] } },
{ "type": "Feature", "properties": { "name": null }, "geometry": { "type": "Point", "coordinates": [ -0.1986015, 51.4570578 ] } },
{ "type": "Feature", "properties": { "name": null }, "geometry": { "type": "Point", "coordinates": [ -0.1988462, 51.4577613 ] } },
{ "type": "Feature", "properties": { "name": null }, "geometry": { "type": "Point", "coordinates": [ -0.1982974, 51.4570822 ] } },
{ "type": "Feature", "properties": { "name": null }, "geometry": { "type": "Point", "coordinates": [ -0.1169395, 51.5621764 ] } },
{ "type": "Feature", "properties": { "name": null }, "geometry": { "type": "Point", "coordinates": [ -0.116729, 51.5619759 ] } },
{ "type": "Feature", "properties": { "name": null }, "geometry": { "type": "Point", "coordinates": [ -0.1165805, 51.5620362 ] } },
{ "type": "Feature", "properties": { "name": null }, "geometry": { "type": "Point", "coordinates": [ -0.1167131, 51.5621624 ] } },
{ "type": "Feature", "properties": { "name": null }, "geometry": { "type": "Point", "coordinates": [ -0.1165108, 51.5622445 ] } },
{ "type": "Feature", "properties": { "name": null }, "geometry": { "type": "Point", "coordinates": [ -0.1165888, 51.5623187 ] } },
{ "type": "Feature", "properties": { "name": null }, "geometry": { "type": "Point", "coordinates": [ -0.1245461, 51.5025588 ] } },
{ "type": "Feature", "properties": { "name": null }, "geometry": { "type": "Point", "coordinates": [ -0.1241649, 51.50255 ] } },
{ "type": "Feature", "properties": { "name": null }, "geometry": { "type": "Point", "coordinates": [ -0.1244727, 51.5029606 ] } },
{ "type": "Feature", "properties": { "name": null }, "geometry": { "type": "Point", "coordinates": [ -0.124478, 51.5028717 ] } },
{ "type": "Feature", "properties": { "name": null }, "geometry": { "type": "Point", "coordinates": [ -0.1243764, 51.5028693 ] } },
{ "type": "Feature", "properties": { "name": null }, "geometry": { "type": "Point", "coordinates": [ -0.1243908, 51.5026263 ] } },
{ "type": "Feature", "properties": { "name": null }, "geometry": { "type": "Point", "coordinates": [ -0.1245419, 51.5026298 ] } },
{ "type": "Feature", "properties": { "name": null }, "geometry": { "type": "Point", "coordinates": [ -0.058682, 51.502968 ] } },
{ "type": "Feature", "properties": { "name": "Borehamwood Police Station" }, "geometry": { "type": "Point", "coordinates": [ -0.268619, 51.6593398 ] } },
{ "type": "Feature", "properties": { "name": null }, "geometry": { "type": "Point", "coordinates": [ -0.1165532, 51.5956545 ] } },
{ "type": "Feature", "properties": { "name": null }, "geometry": { "type": "Point", "coordinates": [ -0.1253865, 51.5097836 ] } },
{ "type": "Feature", "properties": { "name": null }, "geometry": { "type": "Point", "coordinates": [ -0.1248174, 51.5100176 ] } },
{ "type": "Feature", "properties": { "name": null }, "geometry": { "type": "Point", "coordinates": [ -0.1243613, 51.5096189 ] } },
{ "type": "Feature", "properties": { "name": null }, "geometry": { "type": "Point", "coordinates": [ -0.1245493, 51.5095522 ] } },
{ "type": "Feature", "properties": { "name": null }, "geometry": { "type": "Point", "coordinates": [ -0.1257077, 51.5095532 ] } },
{ "type": "Feature", "properties": { "name": null }, "geometry": { "type": "Point", "coordinates": [ -0.1254796, 51.5097414 ] } },
{ "type": "Feature", "properties": { "name": null }, "geometry": { "type": "Point", "coordinates": [ -0.125289, 51.5096501 ] } },
{ "type": "Feature", "properties": { "name": null }, "geometry": { "type": "Point", "coordinates": [ -0.1245951, 51.5096599 ] } },
{ "type": "Feature", "properties": { "name": null }, "geometry": { "type": "Point", "coordinates": [ -0.1248323, 51.5098663 ] } },
{ "type": "Feature", "properties": { "name": null }, "geometry": { "type": "Point", "coordinates": [ -0.125289, 51.5096983 ] } },
{ "type": "Feature", "properties": { "name": null }, "geometry": { "type": "Point", "coordinates": [ -0.1907259, 51.3612991 ] } },
{ "type": "Feature", "properties": { "name": null }, "geometry": { "type": "Point", "coordinates": [ -0.1899301, 51.3615744 ] } },
{ "type": "Feature", "properties": { "name": "British Transport Police" }, "geometry": { "type": "Point", "coordinates": [ -0.1108039, 51.5024485 ] } },
{ "type": "Feature", "properties": { "name": "Site of the Saracen's Head Inn" }, "geometry": { "type": "Point", "coordinates": [ -0.1029072, 51.5170352 ] } },
{ "type": "Feature", "properties": { "name": null }, "geometry": { "type": "Point", "coordinates": [ 0.2490106, 51.5554484 ] } },
{ "type": "Feature", "properties": { "name": null }, "geometry": { "type": "Point", "coordinates": [ -0.0010951, 51.6322019 ] } },
{ "type": "Feature", "properties": { "name": null }, "geometry": { "type": "Point", "coordinates": [ -0.0011761, 51.6323706 ] } },
{ "type": "Feature", "properties": { "name": null }, "geometry": { "type": "Point", "coordinates": [ -0.1415991, 51.5114998 ] } },
{ "type": "Feature", "properties": { "name": null }, "geometry": { "type": "Point", "coordinates": [ -0.1412032, 51.5116454 ] } },
{ "type": "Feature", "properties": { "name": null }, "geometry": { "type": "Point", "coordinates": [ -0.1410202, 51.5114528 ] } },
{ "type": "Feature", "properties": { "name": null }, "geometry": { "type": "Point", "coordinates": [ -0.141413, 51.5113037 ] } },
{ "type": "Feature", "properties": { "name": "Pinner Police Station" }, "geometry": { "type": "Point", "coordinates": [ -0.3849823, 51.5958008 ] } },
{ "type": "Feature", "properties": { "name": null }, "geometry": { "type": "Point", "coordinates": [ -0.0598892, 51.5028375 ] } },
{ "type": "Feature", "properties": { "name": null }, "geometry": { "type": "Point", "coordinates": [ -0.0597825, 51.5028296 ] } },
{ "type": "Feature", "properties": { "name": null }, "geometry": { "type": "Point", "coordinates": [ -0.2404457, 51.5966966 ] } },
{ "type": "Feature", "properties": { "name": null }, "geometry": { "type": "Point", "coordinates": [ -0.2405744, 51.5965476 ] } },
{ "type": "Feature", "properties": { "name": null }, "geometry": { "type": "Point", "coordinates": [ -0.2413157, 51.5967931 ] } },
{ "type": "Feature", "properties": { "name": null }, "geometry": { "type": "Point", "coordinates": [ -0.2412799, 51.5968208 ] } },
{ "type": "Feature", "properties": { "name": null }, "geometry": { "type": "Point", "coordinates": [ -0.2413523, 51.5968393 ] } },
{ "type": "Feature", "properties": { "name": null }, "geometry": { "type": "Point", "coordinates": [ -0.2413345, 51.5969799 ] } },
{ "type": "Feature", "properties": { "name": null }, "geometry": { "type": "Point", "coordinates": [ -0.2413602, 51.5970086 ] } },
{ "type": "Feature", "properties": { "name": null }, "geometry": { "type": "Point", "coordinates": [ -0.2410733, 51.5971906 ] } },
{ "type": "Feature", "properties": { "name": null }, "geometry": { "type": "Point", "coordinates": [ -0.2408517, 51.5970592 ] } },
{ "type": "Feature", "properties": { "name": null }, "geometry": { "type": "Point", "coordinates": [ -0.2411002, 51.5969411 ] } },
{ "type": "Feature", "properties": { "name": "British Transport Police" }, "geometry": { "type": "Point", "coordinates": [ -0.1345656, 51.5277108 ] } },
{ "type": "Feature", "properties": { "name": null }, "geometry": { "type": "Point", "coordinates": [ 0.0174042, 51.3992148 ] } },
{ "type": "Feature", "properties": { "name": null }, "geometry": { "type": "Point", "coordinates": [ 0.0177252, 51.3991171 ] } },
{ "type": "Feature", "properties": { "name": null }, "geometry": { "type": "Point", "coordinates": [ 0.0178336, 51.3990543 ] } },
{ "type": "Feature", "properties": { "name": null }, "geometry": { "type": "Point", "coordinates": [ 0.0171827, 51.3994871 ] } },
{ "type": "Feature", "properties": { "name": null }, "geometry": { "type": "Point", "coordinates": [ 0.0176675, 51.3991597 ] } },
{ "type": "Feature", "properties": { "name": null }, "geometry": { "type": "Point", "coordinates": [ 0.0175546, 51.3992375 ] } },
{ "type": "Feature", "properties": { "name": null }, "geometry": { "type": "Point", "coordinates": [ 0.0177436, 51.3992567 ] } },
{ "type": "Feature", "properties": { "name": null }, "geometry": { "type": "Point", "coordinates": [ 0.0178453, 51.3991977 ] } },
{ "type": "Feature", "properties": { "name": null }, "geometry": { "type": "Point", "coordinates": [ 0.0177084, 51.3993169 ] } },
{ "type": "Feature", "properties": { "name": null }, "geometry": { "type": "Point", "coordinates": [ 0.0174734, 51.3994532 ] } },
{ "type": "Feature", "properties": { "name": null }, "geometry": { "type": "Point", "coordinates": [ 0.0176183, 51.3996278 ] } },
{ "type": "Feature", "properties": { "name": null }, "geometry": { "type": "Point", "coordinates": [ 0.0176801, 51.3995919 ] } },
{ "type": "Feature", "properties": { "name": null }, "geometry": { "type": "Point", "coordinates": [ 0.0185774, 51.3995535 ] } },
{ "type": "Feature", "properties": { "name": null }, "geometry": { "type": "Point", "coordinates": [ 0.0185072, 51.3995942 ] } },
{ "type": "Feature", "properties": { "name": null }, "geometry": { "type": "Point", "coordinates": [ 0.0183123, 51.3995039 ] } },
{ "type": "Feature", "properties": { "name": null }, "geometry": { "type": "Point", "coordinates": [ 0.0181378, 51.3996051 ] } },
{ "type": "Feature", "properties": { "name": null }, "geometry": { "type": "Point", "coordinates": [ -0.1963839, 51.5539634 ] } },
{ "type": "Feature", "properties": { "name": null }, "geometry": { "type": "Point", "coordinates": [ -0.1966915, 51.5536879 ] } },
{ "type": "Feature", "properties": { "name": null }, "geometry": { "type": "Point", "coordinates": [ -0.1961402, 51.5533812 ] } },
{ "type": "Feature", "properties": { "name": "West Putney Ward Metropolitain Police" }, "geometry": { "type": "Point", "coordinates": [ -0.2295834, 51.4552902 ] } },
{ "type": "Feature", "properties": { "name": null }, "geometry": { "type": "Point", "coordinates": [ -0.0608076, 51.6224803 ] } },
{ "type": "Feature", "properties": { "name": null }, "geometry": { "type": "Point", "coordinates": [ -0.0612678, 51.6225204 ] } },
{ "type": "Feature", "properties": { "name": null }, "geometry": { "type": "Point", "coordinates": [ -0.0613456, 51.6221733 ] } },
{ "type": "Feature", "properties": { "name": null }, "geometry": { "type": "Point", "coordinates": [ -0.0608855, 51.6221334 ] } },
{ "type": "Feature", "properties": { "name": "Hayes Police Station" }, "geometry": { "type": "Point", "coordinates": [ -0.4350209, 51.5250567 ] } },
{ "type": "Feature", "properties": { "name": null }, "geometry": { "type": "Point", "coordinates": [ -0.223344, 51.4911225 ] } },
{ "type": "Feature", "properties": { "name": "Barkingside Police Station" }, "geometry": { "type": "Point", "coordinates": [ 0.0804994, 51.5883992 ] } },
{ "type": "Feature", "properties": { "name": "Park Police" }, "geometry": { "type": "Point", "coordinates": [ -0.163449, 51.4807695 ] } },
{ "type": "Feature", "properties": { "name": null }, "geometry": { "type": "Point", "coordinates": [ -0.1418669, 51.5500052 ] } },
{ "type": "Feature", "properties": { "name": null }, "geometry": { "type": "Point", "coordinates": [ -0.205256, 51.534916 ] } },
{ "type": "Feature", "properties": { "name": null }, "geometry": { "type": "Point", "coordinates": [ -0.2049916, 51.5346844 ] } },
{ "type": "Feature", "properties": { "name": null }, "geometry": { "type": "Point", "coordinates": [ -0.2055189, 51.534723 ] } },
{ "type": "Feature", "properties": { "name": null }, "geometry": { "type": "Point", "coordinates": [ -0.2052234, 51.5350683 ] } },
{ "type": "Feature", "properties": { "name": null }, "geometry": { "type": "Point", "coordinates": [ -0.2050863, 51.5350957 ] } },
{ "type": "Feature", "properties": { "name": null }, "geometry": { "type": "Point", "coordinates": [ -0.2051826, 51.5347738 ] } },
{ "type": "Feature", "properties": { "name": null }, "geometry": { "type": "Point", "coordinates": [ -0.2056397, 51.5349535 ] } },
{ "type": "Feature", "properties": { "name": null }, "geometry": { "type": "Point", "coordinates": [ -0.2052071, 51.5350348 ] } },
{ "type": "Feature", "properties": { "name": null }, "geometry": { "type": "Point", "coordinates": [ -0.2054519, 51.5345981 ] } },
{ "type": "Feature", "properties": { "name": null }, "geometry": { "type": "Point", "coordinates": [ -0.2055891, 51.534852 ] } },
{ "type": "Feature", "properties": { "name": null }, "geometry": { "type": "Point", "coordinates": [ -0.2049116, 51.5347515 ] } },
{ "type": "Feature", "properties": { "name": null }, "geometry": { "type": "Point", "coordinates": [ -0.3864226, 51.4886705 ] } },
{ "type": "Feature", "properties": { "name": null }, "geometry": { "type": "Point", "coordinates": [ -0.0976513, 51.4895215 ] } },
{ "type": "Feature", "properties": { "name": null }, "geometry": { "type": "Point", "coordinates": [ -0.097397, 51.4896199 ] } },
{ "type": "Feature", "properties": { "name": null }, "geometry": { "type": "Point", "coordinates": [ -0.0971591, 51.4893752 ] } },
{ "type": "Feature", "properties": { "name": null }, "geometry": { "type": "Point", "coordinates": [ -0.0974051, 51.4892877 ] } },
{ "type": "Feature", "properties": { "name": null }, "geometry": { "type": "Point", "coordinates": [ -0.0973691, 51.4892485 ] } },
{ "type": "Feature", "properties": { "name": null }, "geometry": { "type": "Point", "coordinates": [ -0.0977254, 51.4891087 ] } },
{ "type": "Feature", "properties": { "name": null }, "geometry": { "type": "Point", "coordinates": [ -0.0979414, 51.4892991 ] } },
{ "type": "Feature", "properties": { "name": null }, "geometry": { "type": "Point", "coordinates": [ -0.0977624, 51.4893677 ] } },
{ "type": "Feature", "properties": { "name": null }, "geometry": { "type": "Point", "coordinates": [ -0.0976795, 51.4892921 ] } },
{ "type": "Feature", "properties": { "name": null }, "geometry": { "type": "Point", "coordinates": [ -0.0974874, 51.4893614 ] } },
{ "type": "Feature", "properties": { "name": "Limes Farm Police Office" }, "geometry": { "type": "Point", "coordinates": [ 0.0850636, 51.608004 ] } },
{ "type": "Feature", "properties": { "name": null }, "geometry": { "type": "Point", "coordinates": [ -0.3291601, 51.4480921 ] } },
{ "type": "Feature", "properties": { "name": null }, "geometry": { "type": "Point", "coordinates": [ -0.1412219, 51.5116385 ] } },
{ "type": "Feature", "properties": { "name": null }, "geometry": { "type": "Point", "coordinates": [ -0.1411902, 51.5116317 ] } },
{ "type": "Feature", "properties": { "name": null }, "geometry": { "type": "Point", "coordinates": [ -0.1957566, 51.5536401 ] } },
{ "type": "Feature", "properties": { "name": null }, "geometry": { "type": "Point", "coordinates": [ -0.1964105, 51.5539387 ] } },
{ "type": "Feature", "properties": { "name": null }, "geometry": { "type": "Point", "coordinates": [ -0.1966616, 51.5537058 ] } },
{ "type": "Feature", "properties": { "name": null }, "geometry": { "type": "Point", "coordinates": [ -0.1964715, 51.5538749 ] } },
{ "type": "Feature", "properties": { "name": null }, "geometry": { "type": "Point", "coordinates": [ -0.3056174, 51.5513866 ] } },
{ "type": "Feature", "properties": { "name": null }, "geometry": { "type": "Point", "coordinates": [ -0.3053009, 51.5514265 ] } },
{ "type": "Feature", "properties": { "name": null }, "geometry": { "type": "Point", "coordinates": [ -0.3054395, 51.5516911 ] } },
{ "type": "Feature", "properties": { "name": null }, "geometry": { "type": "Point", "coordinates": [ -0.3057252, 51.5516564 ] } },
{ "type": "Feature", "properties": { "name": null }, "geometry": { "type": "Point", "coordinates": [ -0.3060489, 51.5515987 ] } },
{ "type": "Feature", "properties": { "name": null }, "geometry": { "type": "Point", "coordinates": [ -0.3060463, 51.5514623 ] } },
{ "type": "Feature", "properties": { "name": null }, "geometry": { "type": "Point", "coordinates": [ -0.3059673, 51.5514634 ] } },
{ "type": "Feature", "properties": { "name": null }, "geometry": { "type": "Point", "coordinates": [ -0.3059636, 51.5513799 ] } },
{ "type": "Feature", "properties": { "name": null }, "geometry": { "type": "Point", "coordinates": [ -0.3057344, 51.5513828 ] } },
{ "type": "Feature", "properties": { "name": null }, "geometry": { "type": "Point", "coordinates": [ -0.3057399, 51.5514858 ] } },
{ "type": "Feature", "properties": { "name": null }, "geometry": { "type": "Point", "coordinates": [ -0.3056545, 51.5514948 ] } },
{ "type": "Feature", "properties": { "name": null }, "geometry": { "type": "Point", "coordinates": [ -0.1171434, 51.5206466 ] } },
{ "type": "Feature", "properties": { "name": null }, "geometry": { "type": "Point", "coordinates": [ -0.1176237, 51.5205416 ] } },
{ "type": "Feature", "properties": { "name": null }, "geometry": { "type": "Point", "coordinates": [ -0.117847, 51.5209195 ] } },
{ "type": "Feature", "properties": { "name": null }, "geometry": { "type": "Point", "coordinates": [ -0.1173415, 51.5210262 ] } },
{ "type": "Feature", "properties": { "name": null }, "geometry": { "type": "Point", "coordinates": [ 0.0172524, 51.3995102 ] } },
{ "type": "Feature", "properties": { "name": null }, "geometry": { "type": "Point", "coordinates": [ 0.0689169, 51.6317521 ] } },
{ "type": "Feature", "properties": { "name": null }, "geometry": { "type": "Point", "coordinates": [ 0.0687081, 51.6315922 ] } },
{ "type": "Feature", "properties": { "name": null }, "geometry": { "type": "Point", "coordinates": [ 0.0689752, 51.6313357 ] } },
{ "type": "Feature", "properties": { "name": null }, "geometry": { "type": "Point", "coordinates": [ 0.069247, 51.6314716 ] } },
{ "type": "Feature", "properties": { "name": null }, "geometry": { "type": "Point", "coordinates": [ 0.0689297, 51.6316454 ] } },
{ "type": "Feature", "properties": { "name": null }, "geometry": { "type": "Point", "coordinates": [ 0.0684439, 51.63158 ] } },
{ "type": "Feature", "properties": { "name": null }, "geometry": { "type": "Point", "coordinates": [ 0.0687402, 51.6313248 ] } },
{ "type": "Feature", "properties": { "name": null }, "geometry": { "type": "Point", "coordinates": [ 0.0689604, 51.6314583 ] } },
{ "type": "Feature", "properties": { "name": null }, "geometry": { "type": "Point", "coordinates": [ 0.0683614, 51.6317264 ] } },
{ "type": "Feature", "properties": { "name": null }, "geometry": { "type": "Point", "coordinates": [ 0.0692245, 51.631659 ] } },
{ "type": "Feature", "properties": { "name": null }, "geometry": { "type": "Point", "coordinates": [ -0.3722038, 51.51091 ] } },
{ "type": "Feature", "properties": { "name": null }, "geometry": { "type": "Point", "coordinates": [ -0.3718889, 51.5108886 ] } },
{ "type": "Feature", "properties": { "name": null }, "geometry": { "type": "Point", "coordinates": [ -0.371922, 51.5112717 ] } },
{ "type": "Feature", "properties": { "name": null }, "geometry": { "type": "Point", "coordinates": [ -0.372268, 51.5111954 ] } },
{ "type": "Feature", "properties": { "name": null }, "geometry": { "type": "Point", "coordinates": [ -0.3718756, 51.5110727 ] } },
{ "type": "Feature", "properties": { "name": null }, "geometry": { "type": "Point", "coordinates": [ -0.3722618, 51.5112812 ] } },
{ "type": "Feature", "properties": { "name": null }, "geometry": { "type": "Point", "coordinates": [ -0.3719362, 51.5110744 ] } },
{ "type": "Feature", "properties": { "name": null }, "geometry": { "type": "Point", "coordinates": [ -0.3720808, 51.5111902 ] } },
{ "type": "Feature", "properties": { "name": null }, "geometry": { "type": "Point", "coordinates": [ -0.0796119, 51.5174027 ] } },
{ "type": "Feature", "properties": { "name": null }, "geometry": { "type": "Point", "coordinates": [ -0.0796789, 51.5174251 ] } },
{ "type": "Feature", "properties": { "name": null }, "geometry": { "type": "Point", "coordinates": [ -0.0793906, 51.5173294 ] } },
{ "type": "Feature", "properties": { "name": null }, "geometry": { "type": "Point", "coordinates": [ -0.0797433, 51.5174485 ] } },
{ "type": "Feature", "properties": { "name": null }, "geometry": { "type": "Point", "coordinates": [ -0.0795502, 51.5173801 ] } },
{ "type": "Feature", "properties": { "name": null }, "geometry": { "type": "Point", "coordinates": [ -0.0799026, 51.5174501 ] } },
{ "type": "Feature", "properties": { "name": null }, "geometry": { "type": "Point", "coordinates": [ -0.0799077, 51.5174659 ] } },
{ "type": "Feature", "properties": { "name": null }, "geometry": { "type": "Point", "coordinates": [ -0.0787425, 51.5174414 ] } },
{ "type": "Feature", "properties": { "name": null }, "geometry": { "type": "Point", "coordinates": [ -0.0789134, 51.5172138 ] } },
{ "type": "Feature", "properties": { "name": null }, "geometry": { "type": "Point", "coordinates": [ -0.0788663, 51.5174692 ] } },
{ "type": "Feature", "properties": { "name": null }, "geometry": { "type": "Point", "coordinates": [ -0.0799095, 51.5174552 ] } },
{ "type": "Feature", "properties": { "name": null }, "geometry": { "type": "Point", "coordinates": [ -0.079798, 51.5174752 ] } },
{ "type": "Feature", "properties": { "name": null }, "geometry": { "type": "Point", "coordinates": [ -0.0789001, 51.51721 ] } },
{ "type": "Feature", "properties": { "name": null }, "geometry": { "type": "Point", "coordinates": [ -0.0798749, 51.5174511 ] } },
{ "type": "Feature", "properties": { "name": null }, "geometry": { "type": "Point", "coordinates": [ -0.0799525, 51.5178049 ] } },
{ "type": "Feature", "properties": { "name": null }, "geometry": { "type": "Point", "coordinates": [ -0.0793279, 51.5175837 ] } },
{ "type": "Feature", "properties": { "name": null }, "geometry": { "type": "Point", "coordinates": [ -0.0800907, 51.5176972 ] } },
{ "type": "Feature", "properties": { "name": null }, "geometry": { "type": "Point", "coordinates": [ -0.0800088, 51.5174969 ] } },
{ "type": "Feature", "properties": { "name": null }, "geometry": { "type": "Point", "coordinates": [ -0.079681, 51.5176908 ] } },
{ "type": "Feature", "properties": { "name": null }, "geometry": { "type": "Point", "coordinates": [ -0.0798878, 51.5174476 ] } },
{ "type": "Feature", "properties": { "name": null }, "geometry": { "type": "Point", "coordinates": [ -0.0792447, 51.5175577 ] } },
{ "type": "Feature", "properties": { "name": null }, "geometry": { "type": "Point", "coordinates": [ -0.0798382, 51.5174885 ] } },
{ "type": "Feature", "properties": { "name": null }, "geometry": { "type": "Point", "coordinates": [ -0.3102541, 51.5121058 ] } },
{ "type": "Feature", "properties": { "name": null }, "geometry": { "type": "Point", "coordinates": [ -0.3102037, 51.5119823 ] } },
{ "type": "Feature", "properties": { "name": null }, "geometry": { "type": "Point", "coordinates": [ -0.3098657, 51.5121632 ] } },
{ "type": "Feature", "properties": { "name": null }, "geometry": { "type": "Point", "coordinates": [ -0.3098217, 51.5120406 ] } },
{ "type": "Feature", "properties": { "name": null }, "geometry": { "type": "Point", "coordinates": [ -0.0796938, 51.6552901 ] } },
{ "type": "Feature", "properties": { "name": null }, "geometry": { "type": "Point", "coordinates": [ -0.0801435, 51.6554234 ] } },
{ "type": "Feature", "properties": { "name": null }, "geometry": { "type": "Point", "coordinates": [ -0.0797014, 51.6552358 ] } },
{ "type": "Feature", "properties": { "name": null }, "geometry": { "type": "Point", "coordinates": [ -0.0802117, 51.6553146 ] } },
{ "type": "Feature", "properties": { "name": null }, "geometry": { "type": "Point", "coordinates": [ -0.0793729, 51.6552179 ] } },
{ "type": "Feature", "properties": { "name": null }, "geometry": { "type": "Point", "coordinates": [ -0.0800085, 51.6554161 ] } },
{ "type": "Feature", "properties": { "name": null }, "geometry": { "type": "Point", "coordinates": [ -0.0800238, 51.655308 ] } },
{ "type": "Feature", "properties": { "name": null }, "geometry": { "type": "Point", "coordinates": [ -0.0793836, 51.6551421 ] } },
{ "type": "Feature", "properties": { "name": null }, "geometry": { "type": "Point", "coordinates": [ -0.0801593, 51.6553117 ] } },
{ "type": "Feature", "properties": { "name": null }, "geometry": { "type": "Point", "coordinates": [ -0.0802296, 51.6551881 ] } },
{ "type": "Feature", "properties": { "name": null }, "geometry": { "type": "Point", "coordinates": [ -0.1622412, 51.4647879 ] } },
{ "type": "Feature", "properties": { "name": null }, "geometry": { "type": "Point", "coordinates": [ -0.1621059, 51.4647975 ] } },
{ "type": "Feature", "properties": { "name": null }, "geometry": { "type": "Point", "coordinates": [ -0.1620552, 51.4645934 ] } },
{ "type": "Feature", "properties": { "name": null }, "geometry": { "type": "Point", "coordinates": [ -0.1623555, 51.464535 ] } },
{ "type": "Feature", "properties": { "name": null }, "geometry": { "type": "Point", "coordinates": [ -0.1623731, 51.4646058 ] } },
{ "type": "Feature", "properties": { "name": null }, "geometry": { "type": "Point", "coordinates": [ -0.1622074, 51.4646361 ] } },
{ "type": "Feature", "properties": { "name": null }, "geometry": { "type": "Point", "coordinates": [ -0.1182066, 51.4948149 ] } },
{ "type": "Feature", "properties": { "name": null }, "geometry": { "type": "Point", "coordinates": [ -0.1173755, 51.4949499 ] } },
{ "type": "Feature", "properties": { "name": null }, "geometry": { "type": "Point", "coordinates": [ -0.1172764, 51.4947141 ] } },
{ "type": "Feature", "properties": { "name": null }, "geometry": { "type": "Point", "coordinates": [ -0.1181089, 51.4945799 ] } },
{ "type": "Feature", "properties": { "name": null }, "geometry": { "type": "Point", "coordinates": [ -0.1181147, 51.4945939 ] } },
{ "type": "Feature", "properties": { "name": null }, "geometry": { "type": "Point", "coordinates": [ -0.1181584, 51.4945907 ] } },
{ "type": "Feature", "properties": { "name": null }, "geometry": { "type": "Point", "coordinates": [ -0.1181597, 51.4945716 ] } },
{ "type": "Feature", "properties": { "name": null }, "geometry": { "type": "Point", "coordinates": [ -0.1181985, 51.4945699 ] } },
{ "type": "Feature", "properties": { "name": null }, "geometry": { "type": "Point", "coordinates": [ -0.1182092, 51.4947449 ] } },
{ "type": "Feature", "properties": { "name": null }, "geometry": { "type": "Point", "coordinates": [ -0.1181803, 51.4947516 ] } },
{ "type": "Feature", "properties": { "name": null }, "geometry": { "type": "Point", "coordinates": [ -0.1176015, 51.4946098 ] } },
{ "type": "Feature", "properties": { "name": null }, "geometry": { "type": "Point", "coordinates": [ -0.1175687, 51.4945963 ] } },
{ "type": "Feature", "properties": { "name": null }, "geometry": { "type": "Point", "coordinates": [ -0.1174933, 51.4946785 ] } },
{ "type": "Feature", "properties": { "name": null }, "geometry": { "type": "Point", "coordinates": [ -0.1173627, 51.4946074 ] } },
{ "type": "Feature", "properties": { "name": null }, "geometry": { "type": "Point", "coordinates": [ -0.1174123, 51.4945391 ] } },
{ "type": "Feature", "properties": { "name": null }, "geometry": { "type": "Point", "coordinates": [ -0.1170089, 51.4944099 ] } },
{ "type": "Feature", "properties": { "name": null }, "geometry": { "type": "Point", "coordinates": [ -0.1171866, 51.494208 ] } },
{ "type": "Feature", "properties": { "name": null }, "geometry": { "type": "Point", "coordinates": [ -0.1175515, 51.4937996 ] } },
{ "type": "Feature", "properties": { "name": null }, "geometry": { "type": "Point", "coordinates": [ -0.1177414, 51.4938592 ] } },
{ "type": "Feature", "properties": { "name": null }, "geometry": { "type": "Point", "coordinates": [ -0.1177874, 51.4939403 ] } },
{ "type": "Feature", "properties": { "name": null }, "geometry": { "type": "Point", "coordinates": [ -0.1178549, 51.4939621 ] } },
{ "type": "Feature", "properties": { "name": null }, "geometry": { "type": "Point", "coordinates": [ -0.1179312, 51.4938819 ] } },
{ "type": "Feature", "properties": { "name": null }, "geometry": { "type": "Point", "coordinates": [ -0.1181363, 51.493952 ] } },
{ "type": "Feature", "properties": { "name": null }, "geometry": { "type": "Point", "coordinates": [ -0.1181435, 51.4939658 ] } },
{ "type": "Feature", "properties": { "name": null }, "geometry": { "type": "Point", "coordinates": [ -0.118145, 51.4939959 ] } },
{ "type": "Feature", "properties": { "name": null }, "geometry": { "type": "Point", "coordinates": [ -0.1181427, 51.4940778 ] } },
{ "type": "Feature", "properties": { "name": null }, "geometry": { "type": "Point", "coordinates": [ -0.1181691, 51.4940846 ] } },
{ "type": "Feature", "properties": { "name": null }, "geometry": { "type": "Point", "coordinates": [ -0.118178, 51.4943474 ] } },
{ "type": "Feature", "properties": { "name": null }, "geometry": { "type": "Point", "coordinates": [ -0.1181877, 51.4944616 ] } },
{ "type": "Feature", "properties": { "name": null }, "geometry": { "type": "Point", "coordinates": [ -0.1180791, 51.4945397 ] } },
{ "type": "Feature", "properties": { "name": null }, "geometry": { "type": "Point", "coordinates": [ -0.1178824, 51.494478 ] } },
{ "type": "Feature", "properties": { "name": null }, "geometry": { "type": "Point", "coordinates": [ -0.117806, 51.4945622 ] } },
{ "type": "Feature", "properties": { "name": null }, "geometry": { "type": "Point", "coordinates": [ -0.1176833, 51.494522 ] } },
{ "type": "Feature", "properties": { "name": null }, "geometry": { "type": "Point", "coordinates": [ -0.1898166, 51.3614937 ] } },
{ "type": "Feature", "properties": { "name": null }, "geometry": { "type": "Point", "coordinates": [ -0.1907578, 51.3608895 ] } },
{ "type": "Feature", "properties": { "name": null }, "geometry": { "type": "Point", "coordinates": [ -0.1913343, 51.3612342 ] } },
{ "type": "Feature", "properties": { "name": null }, "geometry": { "type": "Point", "coordinates": [ -0.1912627, 51.3610953 ] } },
{ "type": "Feature", "properties": { "name": null }, "geometry": { "type": "Point", "coordinates": [ -0.2050438, 51.5349578 ] } },
{ "type": "Feature", "properties": { "name": null }, "geometry": { "type": "Point", "coordinates": [ -0.2049655, 51.5348083 ] } },
{ "type": "Feature", "properties": { "name": null }, "geometry": { "type": "Point", "coordinates": [ -0.2049459, 51.5348134 ] } },
{ "type": "Feature", "properties": { "name": null }, "geometry": { "type": "Point", "coordinates": [ -0.2050144, 51.5349617 ] } },
{ "type": "Feature", "properties": { "name": null }, "geometry": { "type": "Point", "coordinates": [ -0.1026865, 51.5170613 ] } },
{ "type": "Feature", "properties": { "name": null }, "geometry": { "type": "Point", "coordinates": [ -0.10286, 51.516987 ] } },
{ "type": "Feature", "properties": { "name": null }, "geometry": { "type": "Point", "coordinates": [ -0.1029283, 51.5170567 ] } },
{ "type": "Feature", "properties": { "name": null }, "geometry": { "type": "Point", "coordinates": [ -0.1027487, 51.5171281 ] } },
{ "type": "Feature", "properties": { "name": null }, "geometry": { "type": "Point", "coordinates": [ -0.1027876, 51.5171122 ] } },
{ "type": "Feature", "properties": { "name": null }, "geometry": { "type": "Point", "coordinates": [ -0.1244591, 51.5095558 ] } },
{ "type": "Feature", "properties": { "name": null }, "geometry": { "type": "Point", "coordinates": [ -0.1246707, 51.5097264 ] } },
{ "type": "Feature", "properties": { "name": null }, "geometry": { "type": "Point", "coordinates": [ -0.1244766, 51.5095689 ] } },
{ "type": "Feature", "properties": { "name": null }, "geometry": { "type": "Point", "coordinates": [ -0.1243669, 51.5095851 ] } },
{ "type": "Feature", "properties": { "name": null }, "geometry": { "type": "Point", "coordinates": [ -0.1247544, 51.5097999 ] } },
{ "type": "Feature", "properties": { "name": null }, "geometry": { "type": "Point", "coordinates": [ -0.1243834, 51.5095666 ] } },
{ "type": "Feature", "properties": { "name": null }, "geometry": { "type": "Point", "coordinates": [ -0.1244923, 51.5095624 ] } },
{ "type": "Feature", "properties": { "name": null }, "geometry": { "type": "Point", "coordinates": [ -0.124802, 51.5097777 ] } },
{ "type": "Feature", "properties": { "name": null }, "geometry": { "type": "Point", "coordinates": [ -0.1246254, 51.5096463 ] } },
{ "type": "Feature", "properties": { "name": null }, "geometry": { "type": "Point", "coordinates": [ -0.124408, 51.5095561 ] } },
{ "type": "Feature", "properties": { "name": null }, "geometry": { "type": "Point", "coordinates": [ -0.1247168, 51.5097033 ] } },
{ "type": "Feature", "properties": { "name": null }, "geometry": { "type": "Point", "coordinates": [ -0.1243718, 51.5096132 ] } },
{ "type": "Feature", "properties": { "name": null }, "geometry": { "type": "Point", "coordinates": [ -0.1245053, 51.5095772 ] } },
{ "type": "Feature", "properties": { "name": null }, "geometry": { "type": "Point", "coordinates": [ -0.096028, 51.4992959 ] } },
{ "type": "Feature", "properties": { "name": null }, "geometry": { "type": "Point", "coordinates": [ -0.0957128, 51.4991458 ] } },
{ "type": "Feature", "properties": { "name": null }, "geometry": { "type": "Point", "coordinates": [ -0.0956932, 51.4993032 ] } },
{ "type": "Feature", "properties": { "name": null }, "geometry": { "type": "Point", "coordinates": [ -0.0958242, 51.4994878 ] } },
{ "type": "Feature", "properties": { "name": null }, "geometry": { "type": "Point", "coordinates": [ -0.0959192, 51.4995557 ] } },
{ "type": "Feature", "properties": { "name": null }, "geometry": { "type": "Point", "coordinates": [ -0.0959576, 51.4993288 ] } },
{ "type": "Feature", "properties": { "name": null }, "geometry": { "type": "Point", "coordinates": [ -0.0960262, 51.4993685 ] } },
{ "type": "Feature", "properties": { "name": null }, "geometry": { "type": "Point", "coordinates": [ -0.0956701, 51.499269 ] } },
{ "type": "Feature", "properties": { "name": null }, "geometry": { "type": "Point", "coordinates": [ -0.0962253, 51.4993723 ] } },
{ "type": "Feature", "properties": { "name": null }, "geometry": { "type": "Point", "coordinates": [ -0.0956724, 51.4991185 ] } },
{ "type": "Feature", "properties": { "name": null }, "geometry": { "type": "Point", "coordinates": [ -0.0956732, 51.4993149 ] } },
{ "type": "Feature", "properties": { "name": null }, "geometry": { "type": "Point", "coordinates": [ -0.0956624, 51.4991733 ] } },
{ "type": "Feature", "properties": { "name": null }, "geometry": { "type": "Point", "coordinates": [ -0.0956775, 51.499294 ] } },
{ "type": "Feature", "properties": { "name": null }, "geometry": { "type": "Point", "coordinates": [ -0.0956965, 51.4992377 ] } },
{ "type": "Feature", "properties": { "name": null }, "geometry": { "type": "Point", "coordinates": [ -0.0957326, 51.4992169 ] } },
{ "type": "Feature", "properties": { "name": null }, "geometry": { "type": "Point", "coordinates": [ -0.0961252, 51.4993126 ] } },
{ "type": "Feature", "properties": { "name": null }, "geometry": { "type": "Point", "coordinates": [ -0.0956936, 51.4992854 ] } },
{ "type": "Feature", "properties": { "name": null }, "geometry": { "type": "Point", "coordinates": [ -0.0958818, 51.4994521 ] } },
{ "type": "Feature", "properties": { "name": null }, "geometry": { "type": "Point", "coordinates": [ -0.0957098, 51.4992469 ] } },
{ "type": "Feature", "properties": { "name": null }, "geometry": { "type": "Point", "coordinates": [ -0.0957161, 51.4990924 ] } },
{ "type": "Feature", "properties": { "name": null }, "geometry": { "type": "Point", "coordinates": [ 0.1715045, 51.3981476 ] } },
{ "type": "Feature", "properties": { "name": null }, "geometry": { "type": "Point", "coordinates": [ 0.1706821, 51.3975942 ] } },
{ "type": "Feature", "properties": { "name": null }, "geometry": { "type": "Point", "coordinates": [ 0.1711259, 51.3983552 ] } },
{ "type": "Feature", "properties": { "name": null }, "geometry": { "type": "Point", "coordinates": [ 0.170378, 51.3978183 ] } },
{ "type": "Feature", "properties": { "name": null }, "geometry": { "type": "Point", "coordinates": [ -0.0950784, 51.5202001 ] } },
{ "type": "Feature", "properties": { "name": null }, "geometry": { "type": "Point", "coordinates": [ -0.0537419, 51.5280282 ] } },
{ "type": "Feature", "properties": { "name": null }, "geometry": { "type": "Point", "coordinates": [ -0.0536132, 51.5280322 ] } },
{ "type": "Feature", "properties": { "name": null }, "geometry": { "type": "Point", "coordinates": [ -0.0537432, 51.5281235 ] } },
{ "type": "Feature", "properties": { "name": null }, "geometry": { "type": "Point", "coordinates": [ -0.0537663, 51.5281234 ] } },
{ "type": "Feature", "properties": { "name": null }, "geometry": { "type": "Point", "coordinates": [ -0.0534997, 51.5281686 ] } },
{ "type": "Feature", "properties": { "name": null }, "geometry": { "type": "Point", "coordinates": [ -0.0534988, 51.5281389 ] } },
{ "type": "Feature", "properties": { "name": null }, "geometry": { "type": "Point", "coordinates": [ -0.0535001, 51.5280345 ] } },
{ "type": "Feature", "properties": { "name": null }, "geometry": { "type": "Point", "coordinates": [ -0.0537661, 51.5281703 ] } },
{ "type": "Feature", "properties": { "name": null }, "geometry": { "type": "Point", "coordinates": [ -0.0537406, 51.5281703 ] } },
{ "type": "Feature", "properties": { "name": null }, "geometry": { "type": "Point", "coordinates": [ -0.0537595, 51.5282769 ] } },
{ "type": "Feature", "properties": { "name": null }, "geometry": { "type": "Point", "coordinates": [ -0.0536715, 51.5282769 ] } },
{ "type": "Feature", "properties": { "name": null }, "geometry": { "type": "Point", "coordinates": [ -0.0536426, 51.5282779 ] } },
{ "type": "Feature", "properties": { "name": null }, "geometry": { "type": "Point", "coordinates": [ -0.0535643, 51.5282787 ] } },
{ "type": "Feature", "properties": { "name": null }, "geometry": { "type": "Point", "coordinates": [ -0.0535635, 51.5282514 ] } },
{ "type": "Feature", "properties": { "name": null }, "geometry": { "type": "Point", "coordinates": [ -0.0534831, 51.5282496 ] } },
{ "type": "Feature", "properties": { "name": null }, "geometry": { "type": "Point", "coordinates": [ -0.0534815, 51.5282957 ] } },
{ "type": "Feature", "properties": { "name": null }, "geometry": { "type": "Point", "coordinates": [ -0.0534403, 51.528302 ] } },
{ "type": "Feature", "properties": { "name": null }, "geometry": { "type": "Point", "coordinates": [ -0.0534469, 51.5283186 ] } },
{ "type": "Feature", "properties": { "name": null }, "geometry": { "type": "Point", "coordinates": [ -0.0533977, 51.528326 ] } },
{ "type": "Feature", "properties": { "name": null }, "geometry": { "type": "Point", "coordinates": [ -0.0533913, 51.5283096 ] } },
{ "type": "Feature", "properties": { "name": null }, "geometry": { "type": "Point", "coordinates": [ -0.0528622, 51.5283899 ] } },
{ "type": "Feature", "properties": { "name": null }, "geometry": { "type": "Point", "coordinates": [ -0.0528498, 51.5283582 ] } },
{ "type": "Feature", "properties": { "name": null }, "geometry": { "type": "Point", "coordinates": [ -0.0528033, 51.5282395 ] } },
{ "type": "Feature", "properties": { "name": null }, "geometry": { "type": "Point", "coordinates": [ -0.0533232, 51.5281606 ] } },
{ "type": "Feature", "properties": { "name": null }, "geometry": { "type": "Point", "coordinates": [ -0.0534588, 51.5281399 ] } },
{ "type": "Feature", "properties": { "name": null }, "geometry": { "type": "Point", "coordinates": [ -0.0534713, 51.5281688 ] } },
{ "type": "Feature", "properties": { "name": null }, "geometry": { "type": "Point", "coordinates": [ -0.033519, 51.357274 ] } },
{ "type": "Feature", "properties": { "name": null }, "geometry": { "type": "Point", "coordinates": [ -0.0336088, 51.3573055 ] } },
{ "type": "Feature", "properties": { "name": null }, "geometry": { "type": "Point", "coordinates": [ -0.0335787, 51.3572075 ] } },
{ "type": "Feature", "properties": { "name": null }, "geometry": { "type": "Point", "coordinates": [ -0.0334992, 51.3574273 ] } },
{ "type": "Feature", "properties": { "name": null }, "geometry": { "type": "Point", "coordinates": [ -0.0336691, 51.3574869 ] } },
{ "type": "Feature", "properties": { "name": null }, "geometry": { "type": "Point", "coordinates": [ -0.0338384, 51.3572985 ] } },
{ "type": "Feature", "properties": { "name": null }, "geometry": { "type": "Point", "coordinates": [ -0.1414124, 51.5499319 ] } },
{ "type": "Feature", "properties": { "name": null }, "geometry": { "type": "Point", "coordinates": [ -0.1420101, 51.5499943 ] } },
{ "type": "Feature", "properties": { "name": null }, "geometry": { "type": "Point", "coordinates": [ -0.1419878, 51.5500056 ] } },
{ "type": "Feature", "properties": { "name": null }, "geometry": { "type": "Point", "coordinates": [ -0.1420767, 51.5499619 ] } },
{ "type": "Feature", "properties": { "name": null }, "geometry": { "type": "Point", "coordinates": [ -0.1421796, 51.549922 ] } },
{ "type": "Feature", "properties": { "name": null }, "geometry": { "type": "Point", "coordinates": [ -0.1423328, 51.5498843 ] } },
{ "type": "Feature", "properties": { "name": null }, "geometry": { "type": "Point", "coordinates": [ -0.1425533, 51.5498643 ] } },
{ "type": "Feature", "properties": { "name": null }, "geometry": { "type": "Point", "coordinates": [ -0.1427068, 51.5495767 ] } },
{ "type": "Feature", "properties": { "name": null }, "geometry": { "type": "Point", "coordinates": [ -0.1241994, 51.5029543 ] } },
{ "type": "Feature", "properties": { "name": null }, "geometry": { "type": "Point", "coordinates": [ -0.1241682, 51.5029674 ] } },
{ "type": "Feature", "properties": { "name": null }, "geometry": { "type": "Point", "coordinates": [ -0.1241407, 51.502957 ] } },
{ "type": "Feature", "properties": { "name": null }, "geometry": { "type": "Point", "coordinates": [ -0.1241986, 51.5029681 ] } },
{ "type": "Feature", "properties": { "name": null }, "geometry": { "type": "Point", "coordinates": [ -0.1241401, 51.5029667 ] } },
{ "type": "Feature", "properties": { "name": null }, "geometry": { "type": "Point", "coordinates": [ -0.46836, 51.4828008 ] } },
{ "type": "Feature", "properties": { "name": null }, "geometry": { "type": "Point", "coordinates": [ -0.4683895, 51.4821454 ] } },
{ "type": "Feature", "properties": { "name": null }, "geometry": { "type": "Point", "coordinates": [ -0.4674193, 51.4821277 ] } },
{ "type": "Feature", "properties": { "name": null }, "geometry": { "type": "Point", "coordinates": [ -0.4673897, 51.482783 ] } },
{ "type": "Feature", "properties": { "name": null }, "geometry": { "type": "Point", "coordinates": [ -0.2248505, 51.4950985 ] } },
{ "type": "Feature", "properties": { "name": null }, "geometry": { "type": "Point", "coordinates": [ -0.2240513, 51.4945562 ] } },
{ "type": "Feature", "properties": { "name": null }, "geometry": { "type": "Point", "coordinates": [ 0.1493656, 51.457148 ] } },
{ "type": "Feature", "properties": { "name": null }, "geometry": { "type": "Point", "coordinates": [ 0.149167, 51.4572572 ] } },
{ "type": "Feature", "properties": { "name": null }, "geometry": { "type": "Point", "coordinates": [ 0.1492767, 51.4570888 ] } },
{ "type": "Feature", "properties": { "name": null }, "geometry": { "type": "Point", "coordinates": [ 0.149395, 51.4566907 ] } },
{ "type": "Feature", "properties": { "name": null }, "geometry": { "type": "Point", "coordinates": [ 0.1489458, 51.4569904 ] } },
{ "type": "Feature", "properties": { "name": null }, "geometry": { "type": "Point", "coordinates": [ 0.1490503, 51.4569334 ] } },
{ "type": "Feature", "properties": { "name": null }, "geometry": { "type": "Point", "coordinates": [ 0.1490414, 51.4571123 ] } },
{ "type": "Feature", "properties": { "name": null }, "geometry": { "type": "Point", "coordinates": [ 0.1489954, 51.4571333 ] } },
{ "type": "Feature", "properties": { "name": null }, "geometry": { "type": "Point", "coordinates": [ 0.1490145, 51.4569071 ] } },
{ "type": "Feature", "properties": { "name": null }, "geometry": { "type": "Point", "coordinates": [ 0.1495659, 51.4568117 ] } },
{ "type": "Feature", "properties": { "name": null }, "geometry": { "type": "Point", "coordinates": [ 0.1492803, 51.4569716 ] } },
{ "type": "Feature", "properties": { "name": null }, "geometry": { "type": "Point", "coordinates": [ 0.1489479, 51.4570493 ] } },
{ "type": "Feature", "properties": { "name": null }, "geometry": { "type": "Point", "coordinates": [ -0.1412929, 51.5113764 ] } },
{ "type": "Feature", "properties": { "name": null }, "geometry": { "type": "Point", "coordinates": [ -0.1412763, 51.5114055 ] } },
{ "type": "Feature", "properties": { "name": null }, "geometry": { "type": "Point", "coordinates": [ -0.1413224, 51.5113371 ] } },
{ "type": "Feature", "properties": { "name": null }, "geometry": { "type": "Point", "coordinates": [ -0.1411364, 51.51141 ] } },
{ "type": "Feature", "properties": { "name": null }, "geometry": { "type": "Point", "coordinates": [ -0.1412742, 51.5113558 ] } },
{ "type": "Feature", "properties": { "name": null }, "geometry": { "type": "Point", "coordinates": [ -0.1412601, 51.5113885 ] } },
{ "type": "Feature", "properties": { "name": null }, "geometry": { "type": "Point", "coordinates": [ -0.1411694, 51.5114448 ] } },
{ "type": "Feature", "properties": { "name": null }, "geometry": { "type": "Point", "coordinates": [ -0.1111289, 51.5339295 ] } },
{ "type": "Feature", "properties": { "name": null }, "geometry": { "type": "Point", "coordinates": [ -0.1112049, 51.53394 ] } },
{ "type": "Feature", "properties": { "name": null }, "geometry": { "type": "Point", "coordinates": [ -0.1104203, 51.5337771 ] } },
{ "type": "Feature", "properties": { "name": null }, "geometry": { "type": "Point", "coordinates": [ -0.1107888, 51.533981 ] } },
{ "type": "Feature", "properties": { "name": null }, "geometry": { "type": "Point", "coordinates": [ -0.1111922, 51.5339216 ] } },
{ "type": "Feature", "properties": { "name": null }, "geometry": { "type": "Point", "coordinates": [ -0.1980684, 51.4576973 ] } },
{ "type": "Feature", "properties": { "name": null }, "geometry": { "type": "Point", "coordinates": [ -0.1111141, 51.533548 ] } },
{ "type": "Feature", "properties": { "name": null }, "geometry": { "type": "Point", "coordinates": [ 0.1652129, 51.5450856 ] } },
{ "type": "Feature", "properties": { "name": null }, "geometry": { "type": "Point", "coordinates": [ 0.1654534, 51.545097 ] } },
{ "type": "Feature", "properties": { "name": null }, "geometry": { "type": "Point", "coordinates": [ 0.1656624, 51.5450891 ] } },
{ "type": "Feature", "properties": { "name": null }, "geometry": { "type": "Point", "coordinates": [ 0.1651694, 51.5451809 ] } },
{ "type": "Feature", "properties": { "name": null }, "geometry": { "type": "Point", "coordinates": [ 0.1656415, 51.5450311 ] } },
{ "type": "Feature", "properties": { "name": null }, "geometry": { "type": "Point", "coordinates": [ 0.1653534, 51.5450793 ] } },
{ "type": "Feature", "properties": { "name": null }, "geometry": { "type": "Point", "coordinates": [ 0.1654802, 51.5449535 ] } },
{ "type": "Feature", "properties": { "name": null }, "geometry": { "type": "Point", "coordinates": [ 0.1654419, 51.5450373 ] } },
{ "type": "Feature", "properties": { "name": null }, "geometry": { "type": "Point", "coordinates": [ 0.1655868, 51.5452546 ] } },
{ "type": "Feature", "properties": { "name": null }, "geometry": { "type": "Point", "coordinates": [ 0.1656186, 51.5450813 ] } },
{ "type": "Feature", "properties": { "name": null }, "geometry": { "type": "Point", "coordinates": [ 0.1653403, 51.5451081 ] } },
{ "type": "Feature", "properties": { "name": null }, "geometry": { "type": "Point", "coordinates": [ 0.1654777, 51.5450436 ] } },
{ "type": "Feature", "properties": { "name": null }, "geometry": { "type": "Point", "coordinates": [ 0.1653524, 51.5448966 ] } },
{ "type": "Feature", "properties": { "name": null }, "geometry": { "type": "Point", "coordinates": [ 0.1655307, 51.5449624 ] } },
{ "type": "Feature", "properties": { "name": null }, "geometry": { "type": "Point", "coordinates": [ 0.1653938, 51.5448059 ] } },
{ "type": "Feature", "properties": { "name": null }, "geometry": { "type": "Point", "coordinates": [ 0.165669, 51.545036 ] } },
{ "type": "Feature", "properties": { "name": null }, "geometry": { "type": "Point", "coordinates": [ 0.1657456, 51.5448681 ] } },
{ "type": "Feature", "properties": { "name": null }, "geometry": { "type": "Point", "coordinates": [ 0.1655452, 51.5449307 ] } },
{ "type": "Feature", "properties": { "name": null }, "geometry": { "type": "Point", "coordinates": [ -0.081174, 51.5178898 ] } },
{ "type": "Feature", "properties": { "name": null }, "geometry": { "type": "Point", "coordinates": [ -0.1713442, 51.5545827 ] } },
{ "type": "Feature", "properties": { "name": null }, "geometry": { "type": "Point", "coordinates": [ -0.1714111, 51.5543662 ] } },
{ "type": "Feature", "properties": { "name": null }, "geometry": { "type": "Point", "coordinates": [ -0.1715971, 51.5546386 ] } },
{ "type": "Feature", "properties": { "name": null }, "geometry": { "type": "Point", "coordinates": [ -0.1712422, 51.5545513 ] } },
{ "type": "Feature", "properties": { "name": null }, "geometry": { "type": "Point", "coordinates": [ -0.1711985, 51.5545871 ] } },
{ "type": "Feature", "properties": { "name": null }, "geometry": { "type": "Point", "coordinates": [ -0.1713448, 51.5544206 ] } },
{ "type": "Feature", "properties": { "name": null }, "geometry": { "type": "Point", "coordinates": [ -0.1717402, 51.554521 ] } },
{ "type": "Feature", "properties": { "name": null }, "geometry": { "type": "Point", "coordinates": [ -0.1715672, 51.5545354 ] } },
{ "type": "Feature", "properties": { "name": null }, "geometry": { "type": "Point", "coordinates": [ -0.1713369, 51.5544734 ] } },
{ "type": "Feature", "properties": { "name": null }, "geometry": { "type": "Point", "coordinates": [ -0.1713249, 51.5545736 ] } },
{ "type": "Feature", "properties": { "name": null }, "geometry": { "type": "Point", "coordinates": [ -0.171337, 51.554427 ] } },
{ "type": "Feature", "properties": { "name": null }, "geometry": { "type": "Point", "coordinates": [ -0.171462, 51.5544859 ] } },
{ "type": "Feature", "properties": { "name": null }, "geometry": { "type": "Point", "coordinates": [ -0.1713011, 51.5544565 ] } },
{ "type": "Feature", "properties": { "name": null }, "geometry": { "type": "Point", "coordinates": [ -0.1714981, 51.5545921 ] } },
{ "type": "Feature", "properties": { "name": null }, "geometry": { "type": "Point", "coordinates": [ -0.1712684, 51.55462 ] } },
{ "type": "Feature", "properties": { "name": null }, "geometry": { "type": "Point", "coordinates": [ -0.3066975, 51.4081117 ] } },
{ "type": "Feature", "properties": { "name": null }, "geometry": { "type": "Point", "coordinates": [ -0.3068323, 51.4079305 ] } },
{ "type": "Feature", "properties": { "name": null }, "geometry": { "type": "Point", "coordinates": [ -0.3067973, 51.4080668 ] } },
{ "type": "Feature", "properties": { "name": null }, "geometry": { "type": "Point", "coordinates": [ -0.3068279, 51.4080016 ] } },
{ "type": "Feature", "properties": { "name": null }, "geometry": { "type": "Point", "coordinates": [ -0.3068794, 51.4079712 ] } },
{ "type": "Feature", "properties": { "name": null }, "geometry": { "type": "Point", "coordinates": [ -0.3065562, 51.40805 ] } },
{ "type": "Feature", "properties": { "name": null }, "geometry": { "type": "Point", "coordinates": [ -0.3067717, 51.407953 ] } },
{ "type": "Feature", "properties": { "name": null }, "geometry": { "type": "Point", "coordinates": [ -0.3068094, 51.4080773 ] } },
{ "type": "Feature", "properties": { "name": null }, "geometry": { "type": "Point", "coordinates": [ -0.3069726, 51.4081272 ] } },
{ "type": "Feature", "properties": { "name": null }, "geometry": { "type": "Point", "coordinates": [ -0.3068787, 51.4080461 ] } },
{ "type": "Feature", "properties": { "name": null }, "geometry": { "type": "Point", "coordinates": [ -0.3066584, 51.4080779 ] } },
{ "type": "Feature", "properties": { "name": null }, "geometry": { "type": "Point", "coordinates": [ -0.3071432, 51.4083658 ] } },
{ "type": "Feature", "properties": { "name": null }, "geometry": { "type": "Point", "coordinates": [ -0.3067753, 51.4079561 ] } },
{ "type": "Feature", "properties": { "name": null }, "geometry": { "type": "Point", "coordinates": [ -0.3069033, 51.4081584 ] } },
{ "type": "Feature", "properties": { "name": null }, "geometry": { "type": "Point", "coordinates": [ -0.3068224, 51.4079968 ] } },
{ "type": "Feature", "properties": { "name": null }, "geometry": { "type": "Point", "coordinates": [ -0.3069975, 51.4084314 ] } },
{ "type": "Feature", "properties": { "name": null }, "geometry": { "type": "Point", "coordinates": [ -0.0236868, 51.5277041 ] } },
{ "type": "Feature", "properties": { "name": null }, "geometry": { "type": "Point", "coordinates": [ -0.0237326, 51.5277934 ] } },
{ "type": "Feature", "properties": { "name": null }, "geometry": { "type": "Point", "coordinates": [ -0.0236839, 51.528266 ] } },
{ "type": "Feature", "properties": { "name": null }, "geometry": { "type": "Point", "coordinates": [ -0.0235445, 51.5280533 ] } },
{ "type": "Feature", "properties": { "name": null }, "geometry": { "type": "Point", "coordinates": [ -0.1069631, 51.5655373 ] } },
{ "type": "Feature", "properties": { "name": null }, "geometry": { "type": "Point", "coordinates": [ -0.1069635, 51.5653959 ] } },
{ "type": "Feature", "properties": { "name": null }, "geometry": { "type": "Point", "coordinates": [ -0.1071988, 51.565373 ] } },
{ "type": "Feature", "properties": { "name": null }, "geometry": { "type": "Point", "coordinates": [ -0.1070572, 51.5653463 ] } },
{ "type": "Feature", "properties": { "name": null }, "geometry": { "type": "Point", "coordinates": [ -0.1070679, 51.5653534 ] } },
{ "type": "Feature", "properties": { "name": null }, "geometry": { "type": "Point", "coordinates": [ 0.1865879, 51.5818044 ] } },
{ "type": "Feature", "properties": { "name": null }, "geometry": { "type": "Point", "coordinates": [ 0.1863822, 51.5818059 ] } },
{ "type": "Feature", "properties": { "name": null }, "geometry": { "type": "Point", "coordinates": [ 0.1865001, 51.5818684 ] } },
{ "type": "Feature", "properties": { "name": null }, "geometry": { "type": "Point", "coordinates": [ 0.18618, 51.5819533 ] } },
{ "type": "Feature", "properties": { "name": null }, "geometry": { "type": "Point", "coordinates": [ 0.1863554, 51.5816813 ] } },
{ "type": "Feature", "properties": { "name": null }, "geometry": { "type": "Point", "coordinates": [ 0.1864607, 51.582102 ] } },
{ "type": "Feature", "properties": { "name": null }, "geometry": { "type": "Point", "coordinates": [ 0.1861806, 51.5823062 ] } },
{ "type": "Feature", "properties": { "name": null }, "geometry": { "type": "Point", "coordinates": [ -0.3487273, 51.568201 ] } },
{ "type": "Feature", "properties": { "name": null }, "geometry": { "type": "Point", "coordinates": [ -0.348868, 51.568267 ] } },
{ "type": "Feature", "properties": { "name": null }, "geometry": { "type": "Point", "coordinates": [ -0.3486042, 51.5684566 ] } },
{ "type": "Feature", "properties": { "name": null }, "geometry": { "type": "Point", "coordinates": [ -0.348501, 51.5685255 ] } },
{ "type": "Feature", "properties": { "name": null }, "geometry": { "type": "Point", "coordinates": [ -0.3488578, 51.5685971 ] } },
{ "type": "Feature", "properties": { "name": null }, "geometry": { "type": "Point", "coordinates": [ -0.3487775, 51.5686687 ] } },
{ "type": "Feature", "properties": { "name": null }, "geometry": { "type": "Point", "coordinates": [ -0.3480881, 51.5686501 ] } },
{ "type": "Feature", "properties": { "name": null }, "geometry": { "type": "Point", "coordinates": [ -0.3482317, 51.5687206 ] } },
{ "type": "Feature", "properties": { "name": "Harrow Central Police Station" }, "geometry": { "type": "Point", "coordinates": [ -0.3336633, 51.5779471 ] } },
{ "type": "Feature", "properties": { "name": null }, "geometry": { "type": "Point", "coordinates": [ 0.1704204, 51.3977385 ] } },
{ "type": "Feature", "properties": { "name": null }, "geometry": { "type": "Point", "coordinates": [ 0.170465, 51.3977707 ] } },
{ "type": "Feature", "properties": { "name": null }, "geometry": { "type": "Point", "coordinates": [ -0.0697166, 51.5906305 ] } },
{ "type": "Feature", "properties": { "name": null }, "geometry": { "type": "Point", "coordinates": [ -0.0698649, 51.5906371 ] } },
{ "type": "Feature", "properties": { "name": null }, "geometry": { "type": "Point", "coordinates": [ -0.0697083, 51.5907483 ] } },
{ "type": "Feature", "properties": { "name": null }, "geometry": { "type": "Point", "coordinates": [ -0.0697272, 51.5907498 ] } },
{ "type": "Feature", "properties": { "name": null }, "geometry": { "type": "Point", "coordinates": [ -0.069447, 51.5908822 ] } },
{ "type": "Feature", "properties": { "name": null }, "geometry": { "type": "Point", "coordinates": [ -0.0697048, 51.5909253 ] } },
{ "type": "Feature", "properties": { "name": null }, "geometry": { "type": "Point", "coordinates": [ -0.0694046, 51.5909663 ] } },
{ "type": "Feature", "properties": { "name": null }, "geometry": { "type": "Point", "coordinates": [ -0.069706, 51.591027 ] } },
{ "type": "Feature", "properties": { "name": null }, "geometry": { "type": "Point", "coordinates": [ -0.0698166, 51.5910314 ] } },
{ "type": "Feature", "properties": { "name": null }, "geometry": { "type": "Point", "coordinates": [ -0.1149879, 51.3380011 ] } },
{ "type": "Feature", "properties": { "name": null }, "geometry": { "type": "Point", "coordinates": [ -0.1148795, 51.3379346 ] } },
{ "type": "Feature", "properties": { "name": null }, "geometry": { "type": "Point", "coordinates": [ -0.1180756, 51.4945853 ] } },
{ "type": "Feature", "properties": { "name": null }, "geometry": { "type": "Point", "coordinates": [ -0.1408166, 51.5391888 ] } },
{ "type": "Feature", "properties": { "name": null }, "geometry": { "type": "Point", "coordinates": [ -0.1406418, 51.5392541 ] } },
{ "type": "Feature", "properties": { "name": null }, "geometry": { "type": "Point", "coordinates": [ 0.0041857, 51.5390561 ] } },
{ "type": "Feature", "properties": { "name": null }, "geometry": { "type": "Point", "coordinates": [ 0.0039283, 51.5392838 ] } },
{ "type": "Feature", "properties": { "name": null }, "geometry": { "type": "Point", "coordinates": [ 0.0036944, 51.5389122 ] } },
{ "type": "Feature", "properties": { "name": null }, "geometry": { "type": "Point", "coordinates": [ 0.0310662, 51.546826 ] } },
{ "type": "Feature", "properties": { "name": null }, "geometry": { "type": "Point", "coordinates": [ 0.0301185, 51.546725 ] } },
{ "type": "Feature", "properties": { "name": null }, "geometry": { "type": "Point", "coordinates": [ 0.0301631, 51.5465412 ] } },
{ "type": "Feature", "properties": { "name": null }, "geometry": { "type": "Point", "coordinates": [ 0.0312777, 51.5462693 ] } },
{ "type": "Feature", "properties": { "name": null }, "geometry": { "type": "Point", "coordinates": [ 0.0306649, 51.5462116 ] } },
{ "type": "Feature", "properties": { "name": null }, "geometry": { "type": "Point", "coordinates": [ 0.0305699, 51.5465838 ] } },
{ "type": "Feature", "properties": { "name": null }, "geometry": { "type": "Point", "coordinates": [ -0.223328, 51.4908535 ] } },
{ "type": "Feature", "properties": { "name": null }, "geometry": { "type": "Point", "coordinates": [ -0.2231377, 51.4908579 ] } },
{ "type": "Feature", "properties": { "name": null }, "geometry": { "type": "Point", "coordinates": [ -0.2231468, 51.4910114 ] } },
{ "type": "Feature", "properties": { "name": null }, "geometry": { "type": "Point", "coordinates": [ -0.2229456, 51.491016 ] } },
{ "type": "Feature", "properties": { "name": null }, "geometry": { "type": "Point", "coordinates": [ -0.2229524, 51.4911315 ] } },
{ "type": "Feature", "properties": { "name": null }, "geometry": { "type": "Point", "coordinates": [ 0.0383169, 51.3082815 ] } },
{ "type": "Feature", "properties": { "name": null }, "geometry": { "type": "Point", "coordinates": [ 0.0386468, 51.3083979 ] } },
{ "type": "Feature", "properties": { "name": null }, "geometry": { "type": "Point", "coordinates": [ 0.0383646, 51.3082555 ] } },
{ "type": "Feature", "properties": { "name": null }, "geometry": { "type": "Point", "coordinates": [ 0.0385516, 51.3084498 ] } },
{ "type": "Feature", "properties": { "name": null }, "geometry": { "type": "Point", "coordinates": [ 0.038394, 51.3082765 ] } },
{ "type": "Feature", "properties": { "name": null }, "geometry": { "type": "Point", "coordinates": [ 0.0384415, 51.3082506 ] } },
{ "type": "Feature", "properties": { "name": null }, "geometry": { "type": "Point", "coordinates": [ -0.2247872, 51.4945236 ] } },
{ "type": "Feature", "properties": { "name": null }, "geometry": { "type": "Point", "coordinates": [ -0.2240753, 51.4951261 ] } },
{ "type": "Feature", "properties": { "name": null }, "geometry": { "type": "Point", "coordinates": [ -0.0990288, 51.5244017 ] } },
{ "type": "Feature", "properties": { "name": null }, "geometry": { "type": "Point", "coordinates": [ -0.0988051, 51.5244655 ] } },
{ "type": "Feature", "properties": { "name": null }, "geometry": { "type": "Point", "coordinates": [ -0.0990644, 51.5244877 ] } },
{ "type": "Feature", "properties": { "name": null }, "geometry": { "type": "Point", "coordinates": [ -0.0989464, 51.5244883 ] } },
{ "type": "Feature", "properties": { "name": null }, "geometry": { "type": "Point", "coordinates": [ -0.0986608, 51.5245124 ] } },
{ "type": "Feature", "properties": { "name": null }, "geometry": { "type": "Point", "coordinates": [ -0.0989673, 51.5245157 ] } },
{ "type": "Feature", "properties": { "name": null }, "geometry": { "type": "Point", "coordinates": [ -0.0988448, 51.5245174 ] } },
{ "type": "Feature", "properties": { "name": null }, "geometry": { "type": "Point", "coordinates": [ -0.0988031, 51.5245313 ] } },
{ "type": "Feature", "properties": { "name": null }, "geometry": { "type": "Point", "coordinates": [ -0.0988239, 51.5245572 ] } },
{ "type": "Feature", "properties": { "name": null }, "geometry": { "type": "Point", "coordinates": [ -0.0987204, 51.5245871 ] } },
{ "type": "Feature", "properties": { "name": null }, "geometry": { "type": "Point", "coordinates": [ 0.0684406, 51.6316072 ] } },
{ "type": "Feature", "properties": { "name": null }, "geometry": { "type": "Point", "coordinates": [ 0.0682901, 51.6316002 ] } },
{ "type": "Feature", "properties": { "name": null }, "geometry": { "type": "Point", "coordinates": [ 0.0682807, 51.6316787 ] } },
{ "type": "Feature", "properties": { "name": null }, "geometry": { "type": "Point", "coordinates": [ 0.0683666, 51.6316827 ] } },
{ "type": "Feature", "properties": { "name": null }, "geometry": { "type": "Point", "coordinates": [ -0.0244787, 51.5840139 ] } },
{ "type": "Feature", "properties": { "name": null }, "geometry": { "type": "Point", "coordinates": [ -0.0243464, 51.584038 ] } },
{ "type": "Feature", "properties": { "name": null }, "geometry": { "type": "Point", "coordinates": [ -0.0245358, 51.5841343 ] } },
{ "type": "Feature", "properties": { "name": null }, "geometry": { "type": "Point", "coordinates": [ -0.0244952, 51.5841417 ] } },
{ "type": "Feature", "properties": { "name": null }, "geometry": { "type": "Point", "coordinates": [ -0.0245043, 51.584161 ] } },
{ "type": "Feature", "properties": { "name": null }, "geometry": { "type": "Point", "coordinates": [ -0.0244125, 51.5841778 ] } },
{ "type": "Feature", "properties": { "name": null }, "geometry": { "type": "Point", "coordinates": [ -0.1329247, 51.4713341 ] } },
{ "type": "Feature", "properties": { "name": null }, "geometry": { "type": "Point", "coordinates": [ -0.1621264, 51.4645866 ] } },
{ "type": "Feature", "properties": { "name": null }, "geometry": { "type": "Point", "coordinates": [ -0.1622943, 51.4646133 ] } },
{ "type": "Feature", "properties": { "name": null }, "geometry": { "type": "Point", "coordinates": [ -0.1621193, 51.46456 ] } },
{ "type": "Feature", "properties": { "name": null }, "geometry": { "type": "Point", "coordinates": [ -0.1622972, 51.4646275 ] } },
{ "type": "Feature", "properties": { "name": null }, "geometry": { "type": "Point", "coordinates": [ -0.4160419, 51.5571356 ] } },
{ "type": "Feature", "properties": { "name": null }, "geometry": { "type": "Point", "coordinates": [ -0.4166902, 51.5568169 ] } },
{ "type": "Feature", "properties": { "name": null }, "geometry": { "type": "Point", "coordinates": [ -0.4162857, 51.5570783 ] } },
{ "type": "Feature", "properties": { "name": null }, "geometry": { "type": "Point", "coordinates": [ -0.4167789, 51.5569626 ] } },
{ "type": "Feature", "properties": { "name": null }, "geometry": { "type": "Point", "coordinates": [ -0.4165053, 51.557027 ] } },
{ "type": "Feature", "properties": { "name": null }, "geometry": { "type": "Point", "coordinates": [ -0.4163555, 51.557193 ] } },
{ "type": "Feature", "properties": { "name": null }, "geometry": { "type": "Point", "coordinates": [ -0.4159535, 51.5569902 ] } },
{ "type": "Feature", "properties": { "name": null }, "geometry": { "type": "Point", "coordinates": [ -0.5053948, 51.4341714 ] } },
{ "type": "Feature", "properties": { "name": null }, "geometry": { "type": "Point", "coordinates": [ -0.3730301, 51.4096935 ] } },
{ "type": "Feature", "properties": { "name": null }, "geometry": { "type": "Point", "coordinates": [ 0.0533261, 51.6461661 ] } },
{ "type": "Feature", "properties": { "name": null }, "geometry": { "type": "Point", "coordinates": [ 0.0534081, 51.646383 ] } },
{ "type": "Feature", "properties": { "name": null }, "geometry": { "type": "Point", "coordinates": [ 0.0534817, 51.6461434 ] } },
{ "type": "Feature", "properties": { "name": null }, "geometry": { "type": "Point", "coordinates": [ 0.0535637, 51.6463604 ] } },
{ "type": "Feature", "properties": { "name": null }, "geometry": { "type": "Point", "coordinates": [ -0.2242685, 51.6863449 ] } },
{ "type": "Feature", "properties": { "name": null }, "geometry": { "type": "Point", "coordinates": [ -0.224141, 51.6862965 ] } },
{ "type": "Feature", "properties": { "name": null }, "geometry": { "type": "Point", "coordinates": [ -0.2243594, 51.6862528 ] } },
{ "type": "Feature", "properties": { "name": null }, "geometry": { "type": "Point", "coordinates": [ -0.2242318, 51.6862044 ] } },
{ "type": "Feature", "properties": { "name": null }, "geometry": { "type": "Point", "coordinates": [ 0.0736465, 51.5296236 ] } },
{ "type": "Feature", "properties": { "name": null }, "geometry": { "type": "Point", "coordinates": [ 0.0728473, 51.5302486 ] } },
{ "type": "Feature", "properties": { "name": null }, "geometry": { "type": "Point", "coordinates": [ 0.0731387, 51.529544 ] } },
{ "type": "Feature", "properties": { "name": null }, "geometry": { "type": "Point", "coordinates": [ 0.0733469, 51.530327 ] } },
{ "type": "Feature", "properties": { "name": null }, "geometry": { "type": "Point", "coordinates": [ 0.0740478, 51.5297715 ] } },
{ "type": "Feature", "properties": { "name": null }, "geometry": { "type": "Point", "coordinates": [ 0.0739234, 51.5300784 ] } },
{ "type": "Feature", "properties": { "name": null }, "geometry": { "type": "Point", "coordinates": [ 0.0736141, 51.5297035 ] } },
{ "type": "Feature", "properties": { "name": null }, "geometry": { "type": "Point", "coordinates": [ 0.073476, 51.5300083 ] } },
{ "type": "Feature", "properties": { "name": null }, "geometry": { "type": "Point", "coordinates": [ 0.0959528, 51.4865894 ] } },
{ "type": "Feature", "properties": { "name": "Overseas Visitors Records Office" }, "geometry": { "type": "Point", "coordinates": [ -0.0956861, 51.4995953 ] } },
{ "type": "Feature", "properties": { "name": "Rainham Police Station" }, "geometry": { "type": "Point", "coordinates": [ 0.1912685, 51.5205323 ] } },
{ "type": "Feature", "properties": { "name": null }, "geometry": { "type": "Point", "coordinates": [ -0.1654609, 51.5079173 ] } },
{ "type": "Feature", "properties": { "name": null }, "geometry": { "type": "Point", "coordinates": [ -0.1654636, 51.5079335 ] } },
{ "type": "Feature", "properties": { "name": null }, "geometry": { "type": "Point", "coordinates": [ -0.1653196, 51.5079661 ] } },
{ "type": "Feature", "properties": { "name": null }, "geometry": { "type": "Point", "coordinates": [ -0.1652732, 51.507969 ] } },
{ "type": "Feature", "properties": { "name": null }, "geometry": { "type": "Point", "coordinates": [ -0.1657093, 51.5080089 ] } },
{ "type": "Feature", "properties": { "name": null }, "geometry": { "type": "Point", "coordinates": [ -0.1654503, 51.5080264 ] } },
{ "type": "Feature", "properties": { "name": null }, "geometry": { "type": "Point", "coordinates": [ -0.1653101, 51.5080436 ] } },
{ "type": "Feature", "properties": { "name": null }, "geometry": { "type": "Point", "coordinates": [ -0.1657866, 51.5080444 ] } },
{ "type": "Feature", "properties": { "name": null }, "geometry": { "type": "Point", "coordinates": [ -0.1652858, 51.5080452 ] } },
{ "type": "Feature", "properties": { "name": null }, "geometry": { "type": "Point", "coordinates": [ -0.1658624, 51.5080701 ] } },
{ "type": "Feature", "properties": { "name": null }, "geometry": { "type": "Point", "coordinates": [ -0.1657915, 51.5080746 ] } },
{ "type": "Feature", "properties": { "name": null }, "geometry": { "type": "Point", "coordinates": [ -0.1657417, 51.5081949 ] } },
{ "type": "Feature", "properties": { "name": null }, "geometry": { "type": "Point", "coordinates": [ -0.1654827, 51.5082124 ] } },
{ "type": "Feature", "properties": { "name": null }, "geometry": { "type": "Point", "coordinates": [ -0.1653398, 51.5082244 ] } },
{ "type": "Feature", "properties": { "name": null }, "geometry": { "type": "Point", "coordinates": [ -0.1653155, 51.508226 ] } },
{ "type": "Feature", "properties": { "name": null }, "geometry": { "type": "Point", "coordinates": [ -0.1654525, 51.5082984 ] } },
{ "type": "Feature", "properties": { "name": null }, "geometry": { "type": "Point", "coordinates": [ -0.1653782, 51.5083016 ] } },
{ "type": "Feature", "properties": { "name": null }, "geometry": { "type": "Point", "coordinates": [ -0.1654562, 51.5083209 ] } },
{ "type": "Feature", "properties": { "name": null }, "geometry": { "type": "Point", "coordinates": [ -0.1653822, 51.5083256 ] } },
{ "type": "Feature", "properties": { "name": null }, "geometry": { "type": "Point", "coordinates": [ -0.096215, 51.370222 ] } },
{ "type": "Feature", "properties": { "name": null }, "geometry": { "type": "Point", "coordinates": [ -0.0960269, 51.3702251 ] } },
{ "type": "Feature", "properties": { "name": null }, "geometry": { "type": "Point", "coordinates": [ -0.0959748, 51.3702259 ] } },
{ "type": "Feature", "properties": { "name": null }, "geometry": { "type": "Point", "coordinates": [ -0.0952715, 51.3702334 ] } },
{ "type": "Feature", "properties": { "name": null }, "geometry": { "type": "Point", "coordinates": [ -0.0961553, 51.3703437 ] } },
{ "type": "Feature", "properties": { "name": null }, "geometry": { "type": "Point", "coordinates": [ -0.0961019, 51.3703986 ] } },
{ "type": "Feature", "properties": { "name": null }, "geometry": { "type": "Point", "coordinates": [ -0.0960296, 51.3704222 ] } },
{ "type": "Feature", "properties": { "name": null }, "geometry": { "type": "Point", "coordinates": [ -0.0953009, 51.3706108 ] } },
{ "type": "Feature", "properties": { "name": null }, "geometry": { "type": "Point", "coordinates": [ -0.095123, 51.3706169 ] } },
{ "type": "Feature", "properties": { "name": null }, "geometry": { "type": "Point", "coordinates": [ -0.0959981, 51.3706302 ] } },
{ "type": "Feature", "properties": { "name": null }, "geometry": { "type": "Point", "coordinates": [ -0.0960264, 51.3709128 ] } },
{ "type": "Feature", "properties": { "name": null }, "geometry": { "type": "Point", "coordinates": [ -0.0951734, 51.3709586 ] } },
{ "type": "Feature", "properties": { "name": null }, "geometry": { "type": "Point", "coordinates": [ -0.0257141, 51.510094 ] } },
{ "type": "Feature", "properties": { "name": null }, "geometry": { "type": "Point", "coordinates": [ -0.0256408, 51.5101334 ] } },
{ "type": "Feature", "properties": { "name": null }, "geometry": { "type": "Point", "coordinates": [ -0.0258022, 51.5101594 ] } },
{ "type": "Feature", "properties": { "name": null }, "geometry": { "type": "Point", "coordinates": [ -0.0255385, 51.5101934 ] } },
{ "type": "Feature", "properties": { "name": null }, "geometry": { "type": "Point", "coordinates": [ -0.0255134, 51.5101937 ] } },
{ "type": "Feature", "properties": { "name": null }, "geometry": { "type": "Point", "coordinates": [ -0.0259586, 51.5102659 ] } },
{ "type": "Feature", "properties": { "name": null }, "geometry": { "type": "Point", "coordinates": [ -0.0260223, 51.5103047 ] } },
{ "type": "Feature", "properties": { "name": null }, "geometry": { "type": "Point", "coordinates": [ -0.0254972, 51.5103191 ] } },
{ "type": "Feature", "properties": { "name": null }, "geometry": { "type": "Point", "coordinates": [ -0.0255178, 51.5103304 ] } },
{ "type": "Feature", "properties": { "name": null }, "geometry": { "type": "Point", "coordinates": [ -0.0255296, 51.5103347 ] } },
{ "type": "Feature", "properties": { "name": null }, "geometry": { "type": "Point", "coordinates": [ -0.0255296, 51.5103766 ] } },
{ "type": "Feature", "properties": { "name": null }, "geometry": { "type": "Point", "coordinates": [ -0.0255075, 51.5103825 ] } },
{ "type": "Feature", "properties": { "name": null }, "geometry": { "type": "Point", "coordinates": [ -0.0254874, 51.5103944 ] } },
{ "type": "Feature", "properties": { "name": null }, "geometry": { "type": "Point", "coordinates": [ -0.0254756, 51.5104103 ] } },
{ "type": "Feature", "properties": { "name": null }, "geometry": { "type": "Point", "coordinates": [ -0.0263241, 51.5104981 ] } },
{ "type": "Feature", "properties": { "name": null }, "geometry": { "type": "Point", "coordinates": [ -0.0263016, 51.5105113 ] } },
{ "type": "Feature", "properties": { "name": null }, "geometry": { "type": "Point", "coordinates": [ -0.0263283, 51.5105283 ] } },
{ "type": "Feature", "properties": { "name": null }, "geometry": { "type": "Point", "coordinates": [ -0.0263658, 51.5105522 ] } },
{ "type": "Feature", "properties": { "name": null }, "geometry": { "type": "Point", "coordinates": [ -0.0264756, 51.5106023 ] } },
{ "type": "Feature", "properties": { "name": null }, "geometry": { "type": "Point", "coordinates": [ -0.0265299, 51.5106603 ] } },
{ "type": "Feature", "properties": { "name": null }, "geometry": { "type": "Point", "coordinates": [ -0.025503, 51.5107226 ] } },
{ "type": "Feature", "properties": { "name": null }, "geometry": { "type": "Point", "coordinates": [ -0.0255523, 51.5107663 ] } },
{ "type": "Feature", "properties": { "name": null }, "geometry": { "type": "Point", "coordinates": [ -0.0260161, 51.5109693 ] } },
{ "type": "Feature", "properties": { "name": null }, "geometry": { "type": "Point", "coordinates": [ -0.01258, 51.5084976 ] } },
{ "type": "Feature", "properties": { "name": null }, "geometry": { "type": "Point", "coordinates": [ -0.0125159, 51.5084999 ] } },
{ "type": "Feature", "properties": { "name": null }, "geometry": { "type": "Point", "coordinates": [ -0.0125192, 51.5085357 ] } },
{ "type": "Feature", "properties": { "name": null }, "geometry": { "type": "Point", "coordinates": [ -0.0124679, 51.5085376 ] } },
{ "type": "Feature", "properties": { "name": null }, "geometry": { "type": "Point", "coordinates": [ -0.0126066, 51.5087861 ] } },
{ "type": "Feature", "properties": { "name": null }, "geometry": { "type": "Point", "coordinates": [ -0.0124913, 51.5087903 ] } },
{ "type": "Feature", "properties": { "name": null }, "geometry": { "type": "Point", "coordinates": [ -0.2413972, 51.5969005 ] } },
{ "type": "Feature", "properties": { "name": null }, "geometry": { "type": "Point", "coordinates": [ -0.2410854, 51.5969122 ] } },
{ "type": "Feature", "properties": { "name": null }, "geometry": { "type": "Point", "coordinates": [ -0.2409296, 51.5970511 ] } },
{ "type": "Feature", "properties": { "name": null }, "geometry": { "type": "Point", "coordinates": [ -0.2408873, 51.5970334 ] } },
{ "type": "Feature", "properties": { "name": null }, "geometry": { "type": "Point", "coordinates": [ -0.2413798, 51.5969501 ] } },
{ "type": "Feature", "properties": { "name": "Addlestone Police" }, "geometry": { "type": "Point", "coordinates": [ -0.4911148, 51.3708355 ] } },
{ "type": "Feature", "properties": { "name": null }, "geometry": { "type": "Point", "coordinates": [ -0.0845404, 51.4196858 ] } },
{ "type": "Feature", "properties": { "name": null }, "geometry": { "type": "Point", "coordinates": [ -0.0845153, 51.4195945 ] } },
{ "type": "Feature", "properties": { "name": null }, "geometry": { "type": "Point", "coordinates": [ -0.0844724, 51.4196977 ] } },
{ "type": "Feature", "properties": { "name": null }, "geometry": { "type": "Point", "coordinates": [ -0.0845611, 51.4198692 ] } },
{ "type": "Feature", "properties": { "name": null }, "geometry": { "type": "Point", "coordinates": [ -0.0844044, 51.4198986 ] } },
{ "type": "Feature", "properties": { "name": null }, "geometry": { "type": "Point", "coordinates": [ -0.0842699, 51.4196434 ] } },
{ "type": "Feature", "properties": { "name": null }, "geometry": { "type": "Point", "coordinates": [ 0.0175428, 51.3991132 ] } },
{ "type": "Feature", "properties": { "name": null }, "geometry": { "type": "Point", "coordinates": [ -0.027751, 51.5898333 ] } },
{ "type": "Feature", "properties": { "name": null }, "geometry": { "type": "Point", "coordinates": [ -0.0584936, 51.5030586 ] } },
{ "type": "Feature", "properties": { "name": null }, "geometry": { "type": "Point", "coordinates": [ -0.0584664, 51.5030652 ] } },
{ "type": "Feature", "properties": { "name": null }, "geometry": { "type": "Point", "coordinates": [ -0.0586744, 51.5029551 ] } },
{ "type": "Feature", "properties": { "name": null }, "geometry": { "type": "Point", "coordinates": [ -0.0603911, 51.5025014 ] } },
{ "type": "Feature", "properties": { "name": null }, "geometry": { "type": "Point", "coordinates": [ -0.0603103, 51.5031105 ] } },
{ "type": "Feature", "properties": { "name": null }, "geometry": { "type": "Point", "coordinates": [ -0.0599036, 51.5026038 ] } },
{ "type": "Feature", "properties": { "name": null }, "geometry": { "type": "Point", "coordinates": [ -0.0597016, 51.5024675 ] } },
{ "type": "Feature", "properties": { "name": null }, "geometry": { "type": "Point", "coordinates": [ -0.0596848, 51.5025919 ] } },
{ "type": "Feature", "properties": { "name": null }, "geometry": { "type": "Point", "coordinates": [ -0.0598616, 51.5030869 ] } },
{ "type": "Feature", "properties": { "name": null }, "geometry": { "type": "Point", "coordinates": [ -0.0588529, 51.5032587 ] } },
{ "type": "Feature", "properties": { "name": null }, "geometry": { "type": "Point", "coordinates": [ -0.0586295, 51.5033109 ] } },
{ "type": "Feature", "properties": { "name": null }, "geometry": { "type": "Point", "coordinates": [ -0.0584148, 51.5032928 ] } },
{ "type": "Feature", "properties": { "name": null }, "geometry": { "type": "Point", "coordinates": [ -0.0586026, 51.5032479 ] } },
{ "type": "Feature", "properties": { "name": null }, "geometry": { "type": "Point", "coordinates": [ -0.0584644, 51.5030117 ] } },
{ "type": "Feature", "properties": { "name": null }, "geometry": { "type": "Point", "coordinates": [ -0.0583034, 51.5031051 ] } },
{ "type": "Feature", "properties": { "name": null }, "geometry": { "type": "Point", "coordinates": [ -0.0236579, 51.527654 ] } },
{ "type": "Feature", "properties": { "name": null }, "geometry": { "type": "Point", "coordinates": [ -0.0233379, 51.527717 ] } },
{ "type": "Feature", "properties": { "name": null }, "geometry": { "type": "Point", "coordinates": [ -0.0234534, 51.5279201 ] } },
{ "type": "Feature", "properties": { "name": null }, "geometry": { "type": "Point", "coordinates": [ -0.0235212, 51.5280177 ] } },
{ "type": "Feature", "properties": { "name": null }, "geometry": { "type": "Point", "coordinates": [ -0.0235654, 51.5280851 ] } },
{ "type": "Feature", "properties": { "name": null }, "geometry": { "type": "Point", "coordinates": [ -0.0236158, 51.5281598 ] } },
{ "type": "Feature", "properties": { "name": null }, "geometry": { "type": "Point", "coordinates": [ -0.0244949, 51.5281792 ] } },
{ "type": "Feature", "properties": { "name": null }, "geometry": { "type": "Point", "coordinates": [ -0.0236235, 51.5281739 ] } },
{ "type": "Feature", "properties": { "name": null }, "geometry": { "type": "Point", "coordinates": [ -0.0237195, 51.5283293 ] } },
{ "type": "Feature", "properties": { "name": null }, "geometry": { "type": "Point", "coordinates": [ -0.0237486, 51.5283664 ] } },
{ "type": "Feature", "properties": { "name": null }, "geometry": { "type": "Point", "coordinates": [ -0.3776763, 51.5297 ] } },
{ "type": "Feature", "properties": { "name": null }, "geometry": { "type": "Point", "coordinates": [ 0.0636999, 51.4998267 ] } },
{ "type": "Feature", "properties": { "name": null }, "geometry": { "type": "Point", "coordinates": [ 0.0638533, 51.4999389 ] } },
{ "type": "Feature", "properties": { "name": null }, "geometry": { "type": "Point", "coordinates": [ 0.0637951, 51.4998569 ] } },
{ "type": "Feature", "properties": { "name": null }, "geometry": { "type": "Point", "coordinates": [ 0.0636981, 51.4998537 ] } },
{ "type": "Feature", "properties": { "name": null }, "geometry": { "type": "Point", "coordinates": [ 0.063801, 51.4997135 ] } },
{ "type": "Feature", "properties": { "name": null }, "geometry": { "type": "Point", "coordinates": [ 0.0637415, 51.4997244 ] } },
{ "type": "Feature", "properties": { "name": null }, "geometry": { "type": "Point", "coordinates": [ 0.0638702, 51.4997127 ] } },
{ "type": "Feature", "properties": { "name": null }, "geometry": { "type": "Point", "coordinates": [ 0.0635822, 51.4999358 ] } },
{ "type": "Feature", "properties": { "name": null }, "geometry": { "type": "Point", "coordinates": [ 0.0635816, 51.4997538 ] } },
{ "type": "Feature", "properties": { "name": null }, "geometry": { "type": "Point", "coordinates": [ 0.0637344, 51.4998286 ] } },
{ "type": "Feature", "properties": { "name": null }, "geometry": { "type": "Point", "coordinates": [ 0.0636788, 51.4997547 ] } },
{ "type": "Feature", "properties": { "name": null }, "geometry": { "type": "Point", "coordinates": [ 0.0636791, 51.4997253 ] } },
{ "type": "Feature", "properties": { "name": null }, "geometry": { "type": "Point", "coordinates": [ -0.3053481, 51.5515834 ] } },
{ "type": "Feature", "properties": { "name": null }, "geometry": { "type": "Point", "coordinates": [ -0.3058024, 51.5516345 ] } },
{ "type": "Feature", "properties": { "name": null }, "geometry": { "type": "Point", "coordinates": [ -0.305408, 51.5515755 ] } },
{ "type": "Feature", "properties": { "name": null }, "geometry": { "type": "Point", "coordinates": [ -0.305802, 51.5516538 ] } },
{ "type": "Feature", "properties": { "name": null }, "geometry": { "type": "Point", "coordinates": [ -0.3059738, 51.5516003 ] } },
{ "type": "Feature", "properties": { "name": null }, "geometry": { "type": "Point", "coordinates": [ -0.3059725, 51.5516303 ] } },
{ "type": "Feature", "properties": { "name": null }, "geometry": { "type": "Point", "coordinates": [ -0.3172399, 51.5590301 ] } },
{ "type": "Feature", "properties": { "name": null }, "geometry": { "type": "Point", "coordinates": [ -0.3171034, 51.5590661 ] } },
{ "type": "Feature", "properties": { "name": null }, "geometry": { "type": "Point", "coordinates": [ -0.31729, 51.5589945 ] } },
{ "type": "Feature", "properties": { "name": null }, "geometry": { "type": "Point", "coordinates": [ -0.317227, 51.5590111 ] } },
{ "type": "Feature", "properties": { "name": null }, "geometry": { "type": "Point", "coordinates": [ -0.3171407, 51.5591208 ] } },
{ "type": "Feature", "properties": { "name": null }, "geometry": { "type": "Point", "coordinates": [ -0.3172136, 51.5591015 ] } },
{ "type": "Feature", "properties": { "name": null }, "geometry": { "type": "Point", "coordinates": [ -0.3173729, 51.5591158 ] } },
{ "type": "Feature", "properties": { "name": null }, "geometry": { "type": "Point", "coordinates": [ -0.3172462, 51.5591493 ] } },
{ "type": "Feature", "properties": { "name": null }, "geometry": { "type": "Point", "coordinates": [ -0.3057144, 51.5510695 ] } },
{ "type": "Feature", "properties": { "name": null }, "geometry": { "type": "Point", "coordinates": [ -0.3057847, 51.5513042 ] } },
{ "type": "Feature", "properties": { "name": null }, "geometry": { "type": "Point", "coordinates": [ -0.3055747, 51.5512532 ] } },
{ "type": "Feature", "properties": { "name": null }, "geometry": { "type": "Point", "coordinates": [ -0.3054059, 51.5509595 ] } },
{ "type": "Feature", "properties": { "name": null }, "geometry": { "type": "Point", "coordinates": [ -0.3055785, 51.5510698 ] } },
{ "type": "Feature", "properties": { "name": null }, "geometry": { "type": "Point", "coordinates": [ -0.3051335, 51.5510053 ] } },
{ "type": "Feature", "properties": { "name": null }, "geometry": { "type": "Point", "coordinates": [ -0.3054301, 51.5511343 ] } },
{ "type": "Feature", "properties": { "name": null }, "geometry": { "type": "Point", "coordinates": [ -0.3054537, 51.5509192 ] } },
{ "type": "Feature", "properties": { "name": null }, "geometry": { "type": "Point", "coordinates": [ -0.3057147, 51.5511329 ] } },
{ "type": "Feature", "properties": { "name": null }, "geometry": { "type": "Point", "coordinates": [ -0.3060705, 51.5512544 ] } },
{ "type": "Feature", "properties": { "name": null }, "geometry": { "type": "Point", "coordinates": [ -0.3054313, 51.5513225 ] } },
{ "type": "Feature", "properties": { "name": null }, "geometry": { "type": "Point", "coordinates": [ -0.3060697, 51.5511321 ] } },
{ "type": "Feature", "properties": { "name": null }, "geometry": { "type": "Point", "coordinates": [ -0.3055243, 51.550919 ] } },
{ "type": "Feature", "properties": { "name": null }, "geometry": { "type": "Point", "coordinates": [ -0.3051343, 51.551135 ] } },
{ "type": "Feature", "properties": { "name": null }, "geometry": { "type": "Point", "coordinates": [ -0.3057844, 51.5512527 ] } },
{ "type": "Feature", "properties": { "name": null }, "geometry": { "type": "Point", "coordinates": [ -0.3055245, 51.5509572 ] } },
{ "type": "Feature", "properties": { "name": null }, "geometry": { "type": "Point", "coordinates": [ -0.3055778, 51.550957 ] } },
{ "type": "Feature", "properties": { "name": null }, "geometry": { "type": "Point", "coordinates": [ -0.30601, 51.5512545 ] } },
{ "type": "Feature", "properties": { "name": null }, "geometry": { "type": "Point", "coordinates": [ -0.3055751, 51.5513221 ] } },
{ "type": "Feature", "properties": { "name": null }, "geometry": { "type": "Point", "coordinates": [ -0.3060103, 51.5513037 ] } },
{ "type": "Feature", "properties": { "name": null }, "geometry": { "type": "Point", "coordinates": [ -0.3054061, 51.5510047 ] } },
{ "type": "Feature", "properties": { "name": null }, "geometry": { "type": "Point", "coordinates": [ -0.3054539, 51.5509593 ] } },
{ "type": "Feature", "properties": { "name": null }, "geometry": { "type": "Point", "coordinates": [ -0.2054405, 51.5347251 ] } },
{ "type": "Feature", "properties": { "name": null }, "geometry": { "type": "Point", "coordinates": [ -0.2054503, 51.5347372 ] } },
{ "type": "Feature", "properties": { "name": null }, "geometry": { "type": "Point", "coordinates": [ -0.2051895, 51.5347872 ] } },
{ "type": "Feature", "properties": { "name": null }, "geometry": { "type": "Point", "coordinates": [ -0.4809761, 51.549391 ] } },
{ "type": "Feature", "properties": { "name": null }, "geometry": { "type": "Point", "coordinates": [ -0.0991486, 51.3850052 ] } },
{ "type": "Feature", "properties": { "name": null }, "geometry": { "type": "Point", "coordinates": [ -0.0988962, 51.3851036 ] } },
{ "type": "Feature", "properties": { "name": null }, "geometry": { "type": "Point", "coordinates": [ -0.0994603, 51.3852772 ] } },
{ "type": "Feature", "properties": { "name": null }, "geometry": { "type": "Point", "coordinates": [ -0.0994319, 51.3852882 ] } },
{ "type": "Feature", "properties": { "name": null }, "geometry": { "type": "Point", "coordinates": [ -0.0991795, 51.3853866 ] } },
{ "type": "Feature", "properties": { "name": null }, "geometry": { "type": "Point", "coordinates": [ -0.0995784, 51.3853951 ] } },
{ "type": "Feature", "properties": { "name": null }, "geometry": { "type": "Point", "coordinates": [ -0.0995505, 51.385406 ] } },
{ "type": "Feature", "properties": { "name": null }, "geometry": { "type": "Point", "coordinates": [ -0.0989969, 51.3854578 ] } },
{ "type": "Feature", "properties": { "name": null }, "geometry": { "type": "Point", "coordinates": [ -0.0992024, 51.3855504 ] } },
{ "type": "Feature", "properties": { "name": null }, "geometry": { "type": "Point", "coordinates": [ -0.0991214, 51.385582 ] } },
{ "type": "Feature", "properties": { "name": null }, "geometry": { "type": "Point", "coordinates": [ -0.0993361, 51.3856241 ] } },
{ "type": "Feature", "properties": { "name": null }, "geometry": { "type": "Point", "coordinates": [ -0.099293, 51.3856409 ] } },
{ "type": "Feature", "properties": { "name": null }, "geometry": { "type": "Point", "coordinates": [ -0.099819, 51.3856742 ] } },
{ "type": "Feature", "properties": { "name": null }, "geometry": { "type": "Point", "coordinates": [ -0.0995077, 51.3857956 ] } },
{ "type": "Feature", "properties": { "name": null }, "geometry": { "type": "Point", "coordinates": [ -0.0100857, 51.4628799 ] } },
{ "type": "Feature", "properties": { "name": null }, "geometry": { "type": "Point", "coordinates": [ -0.010179, 51.4631382 ] } },
{ "type": "Feature", "properties": { "name": null }, "geometry": { "type": "Point", "coordinates": [ -0.0101258, 51.4631505 ] } },
{ "type": "Feature", "properties": { "name": null }, "geometry": { "type": "Point", "coordinates": [ -0.0101509, 51.4631927 ] } },
{ "type": "Feature", "properties": { "name": null }, "geometry": { "type": "Point", "coordinates": [ -0.0100092, 51.4632183 ] } },
{ "type": "Feature", "properties": { "name": null }, "geometry": { "type": "Point", "coordinates": [ -0.010377, 51.4638384 ] } },
{ "type": "Feature", "properties": { "name": null }, "geometry": { "type": "Point", "coordinates": [ -0.0097298, 51.4638261 ] } },
{ "type": "Feature", "properties": { "name": null }, "geometry": { "type": "Point", "coordinates": [ -0.3484439, 51.5684001 ] } },
{ "type": "Feature", "properties": { "name": null }, "geometry": { "type": "Point", "coordinates": [ -0.0715022, 51.518278 ] } },
{ "type": "Feature", "properties": { "name": null }, "geometry": { "type": "Point", "coordinates": [ -0.0714366, 51.5181621 ] } },
{ "type": "Feature", "properties": { "name": null }, "geometry": { "type": "Point", "coordinates": [ -0.0713174, 51.5181888 ] } },
{ "type": "Feature", "properties": { "name": null }, "geometry": { "type": "Point", "coordinates": [ -0.0651675, 51.4742465 ] } },
{ "type": "Feature", "properties": { "name": null }, "geometry": { "type": "Point", "coordinates": [ -0.0647576, 51.4747935 ] } },
{ "type": "Feature", "properties": { "name": null }, "geometry": { "type": "Point", "coordinates": [ -0.064238, 51.4746396 ] } },
{ "type": "Feature", "properties": { "name": null }, "geometry": { "type": "Point", "coordinates": [ -0.1413547, 51.5496409 ] } },
{ "type": "Feature", "properties": { "name": null }, "geometry": { "type": "Point", "coordinates": [ -0.1415059, 51.5496137 ] } },
{ "type": "Feature", "properties": { "name": null }, "geometry": { "type": "Point", "coordinates": [ -0.1413262, 51.5497352 ] } },
{ "type": "Feature", "properties": { "name": null }, "geometry": { "type": "Point", "coordinates": [ -0.1413264, 51.5498143 ] } },
{ "type": "Feature", "properties": { "name": null }, "geometry": { "type": "Point", "coordinates": [ -0.1413575, 51.5497412 ] } },
{ "type": "Feature", "properties": { "name": null }, "geometry": { "type": "Point", "coordinates": [ -0.1413089, 51.5498571 ] } },
{ "type": "Feature", "properties": { "name": null }, "geometry": { "type": "Point", "coordinates": [ -0.1129625, 51.4615997 ] } },
{ "type": "Feature", "properties": { "name": null }, "geometry": { "type": "Point", "coordinates": [ -0.1128989, 51.4616047 ] } },
{ "type": "Feature", "properties": { "name": null }, "geometry": { "type": "Point", "coordinates": [ -0.3294266, 51.4477695 ] } },
{ "type": "Feature", "properties": { "name": null }, "geometry": { "type": "Point", "coordinates": [ -0.3292015, 51.4477807 ] } },
{ "type": "Feature", "properties": { "name": null }, "geometry": { "type": "Point", "coordinates": [ -0.3291566, 51.4477943 ] } },
{ "type": "Feature", "properties": { "name": null }, "geometry": { "type": "Point", "coordinates": [ -0.3292438, 51.4478244 ] } },
{ "type": "Feature", "properties": { "name": null }, "geometry": { "type": "Point", "coordinates": [ -0.3290002, 51.4478375 ] } },
{ "type": "Feature", "properties": { "name": null }, "geometry": { "type": "Point", "coordinates": [ -0.3289757, 51.4478443 ] } },
{ "type": "Feature", "properties": { "name": null }, "geometry": { "type": "Point", "coordinates": [ -0.3297788, 51.4479266 ] } },
{ "type": "Feature", "properties": { "name": null }, "geometry": { "type": "Point", "coordinates": [ -0.3296126, 51.4479337 ] } },
{ "type": "Feature", "properties": { "name": null }, "geometry": { "type": "Point", "coordinates": [ -0.3297254, 51.4479724 ] } },
{ "type": "Feature", "properties": { "name": null }, "geometry": { "type": "Point", "coordinates": [ -0.3294053, 51.4479819 ] } },
{ "type": "Feature", "properties": { "name": null }, "geometry": { "type": "Point", "coordinates": [ -0.3294173, 51.4479935 ] } },
{ "type": "Feature", "properties": { "name": null }, "geometry": { "type": "Point", "coordinates": [ -0.3292252, 51.4480341 ] } },
{ "type": "Feature", "properties": { "name": null }, "geometry": { "type": "Point", "coordinates": [ -0.3292519, 51.4480673 ] } },
{ "type": "Feature", "properties": { "name": null }, "geometry": { "type": "Point", "coordinates": [ -0.3293916, 51.4480859 ] } },
{ "type": "Feature", "properties": { "name": null }, "geometry": { "type": "Point", "coordinates": [ -0.3294906, 51.4481176 ] } },
{ "type": "Feature", "properties": { "name": null }, "geometry": { "type": "Point", "coordinates": [ -0.3292112, 51.4481397 ] } },
{ "type": "Feature", "properties": { "name": null }, "geometry": { "type": "Point", "coordinates": [ -0.3295142, 51.4481484 ] } },
{ "type": "Feature", "properties": { "name": "Metropolitan Police ward office" }, "geometry": { "type": "Point", "coordinates": [ -0.3674718, 51.5488953 ] } },
{ "type": "Feature", "properties": { "name": null }, "geometry": { "type": "Point", "coordinates": [ 0.2492602, 51.5554126 ] } },
{ "type": "Feature", "properties": { "name": null }, "geometry": { "type": "Point", "coordinates": [ 0.2492371, 51.5553558 ] } },
{ "type": "Feature", "properties": { "name": null }, "geometry": { "type": "Point", "coordinates": [ 0.2489894, 51.5553947 ] } },
{ "type": "Feature", "properties": { "name": null }, "geometry": { "type": "Point", "coordinates": [ -0.2752246, 51.5089831 ] } },
{ "type": "Feature", "properties": { "name": null }, "geometry": { "type": "Point", "coordinates": [ -0.2752443, 51.5085955 ] } },
{ "type": "Feature", "properties": { "name": null }, "geometry": { "type": "Point", "coordinates": [ -0.2750316, 51.5086062 ] } },
{ "type": "Feature", "properties": { "name": null }, "geometry": { "type": "Point", "coordinates": [ -0.2750216, 51.5085145 ] } },
{ "type": "Feature", "properties": { "name": null }, "geometry": { "type": "Point", "coordinates": [ -0.2748606, 51.5085213 ] } },
{ "type": "Feature", "properties": { "name": null }, "geometry": { "type": "Point", "coordinates": [ -0.2748683, 51.5086186 ] } },
{ "type": "Feature", "properties": { "name": null }, "geometry": { "type": "Point", "coordinates": [ -0.2745023, 51.5086329 ] } },
{ "type": "Feature", "properties": { "name": null }, "geometry": { "type": "Point", "coordinates": [ -0.2745577, 51.5090187 ] } },
{ "type": "Feature", "properties": { "name": null }, "geometry": { "type": "Point", "coordinates": [ -0.1132698, 51.4645911 ] } },
{ "type": "Feature", "properties": { "name": null }, "geometry": { "type": "Point", "coordinates": [ -0.1136721, 51.4646342 ] } },
{ "type": "Feature", "properties": { "name": null }, "geometry": { "type": "Point", "coordinates": [ -0.1125329, 51.4646753 ] } },
{ "type": "Feature", "properties": { "name": null }, "geometry": { "type": "Point", "coordinates": [ -0.1125674, 51.4648592 ] } },
{ "type": "Feature", "properties": { "name": null }, "geometry": { "type": "Point", "coordinates": [ -0.113556, 51.4648926 ] } },
{ "type": "Feature", "properties": { "name": null }, "geometry": { "type": "Point", "coordinates": [ -0.1134819, 51.4649073 ] } },
{ "type": "Feature", "properties": { "name": null }, "geometry": { "type": "Point", "coordinates": [ -0.1125984, 51.4649672 ] } },
{ "type": "Feature", "properties": { "name": null }, "geometry": { "type": "Point", "coordinates": [ -0.11261, 51.4649958 ] } },
{ "type": "Feature", "properties": { "name": null }, "geometry": { "type": "Point", "coordinates": [ -0.112918, 51.4614504 ] } },
{ "type": "Feature", "properties": { "name": null }, "geometry": { "type": "Point", "coordinates": [ -0.1128537, 51.4614572 ] } },
{ "type": "Feature", "properties": { "name": null }, "geometry": { "type": "Point", "coordinates": [ -0.3721707, 51.5109997 ] } },
{ "type": "Feature", "properties": { "name": null }, "geometry": { "type": "Point", "coordinates": [ -0.3720556, 51.5108933 ] } },
{ "type": "Feature", "properties": { "name": null }, "geometry": { "type": "Point", "coordinates": [ -0.3720943, 51.5110022 ] } },
{ "type": "Feature", "properties": { "name": null }, "geometry": { "type": "Point", "coordinates": [ -0.1056525, 51.4909533 ] } },
{ "type": "Feature", "properties": { "name": null }, "geometry": { "type": "Point", "coordinates": [ -0.1059965, 51.4917632 ] } },
{ "type": "Feature", "properties": { "name": null }, "geometry": { "type": "Point", "coordinates": [ -0.1058033, 51.4918039 ] } },
{ "type": "Feature", "properties": { "name": null }, "geometry": { "type": "Point", "coordinates": [ -0.1340556, 51.5194211 ] } },
{ "type": "Feature", "properties": { "name": null }, "geometry": { "type": "Point", "coordinates": [ -0.1338059, 51.5194694 ] } },
{ "type": "Feature", "properties": { "name": null }, "geometry": { "type": "Point", "coordinates": [ -0.1338465, 51.519507 ] } },
{ "type": "Feature", "properties": { "name": null }, "geometry": { "type": "Point", "coordinates": [ -0.1341858, 51.5195431 ] } },
{ "type": "Feature", "properties": { "name": null }, "geometry": { "type": "Point", "coordinates": [ -0.1336341, 51.5195291 ] } },
{ "type": "Feature", "properties": { "name": null }, "geometry": { "type": "Point", "coordinates": [ -0.1336429, 51.5195403 ] } },
{ "type": "Feature", "properties": { "name": null }, "geometry": { "type": "Point", "coordinates": [ -0.1334627, 51.5196004 ] } },
{ "type": "Feature", "properties": { "name": null }, "geometry": { "type": "Point", "coordinates": [ -0.1342829, 51.5196283 ] } },
{ "type": "Feature", "properties": { "name": null }, "geometry": { "type": "Point", "coordinates": [ -0.1340543, 51.5197193 ] } },
{ "type": "Feature", "properties": { "name": null }, "geometry": { "type": "Point", "coordinates": [ -0.1336576, 51.5197852 ] } },
{ "type": "Feature", "properties": { "name": null }, "geometry": { "type": "Point", "coordinates": [ 0.0730495, 51.5296042 ] } },
{ "type": "Feature", "properties": { "name": null }, "geometry": { "type": "Point", "coordinates": [ 0.0729748, 51.529934 ] } },
{ "type": "Feature", "properties": { "name": null }, "geometry": { "type": "Point", "coordinates": [ 0.0731104, 51.5296137 ] } },
{ "type": "Feature", "properties": { "name": null }, "geometry": { "type": "Point", "coordinates": [ 0.0729194, 51.5299253 ] } },
{ "type": "Feature", "properties": { "name": "Elm Park Ward" }, "geometry": { "type": "Point", "coordinates": [ 0.2000823, 51.5495047 ] } },
{ "type": "Feature", "properties": { "name": null }, "geometry": { "type": "Point", "coordinates": [ -0.124811, 51.5795393 ] } },
{ "type": "Feature", "properties": { "name": null }, "geometry": { "type": "Point", "coordinates": [ -0.1253889, 51.5096482 ] } },
{ "type": "Feature", "properties": { "name": null }, "geometry": { "type": "Point", "coordinates": [ -0.0797626, 51.5174579 ] } },
{ "type": "Feature", "properties": { "name": null }, "geometry": { "type": "Point", "coordinates": [ -0.0095831, 51.462997 ] } },
{ "type": "Feature", "properties": { "name": null }, "geometry": { "type": "Point", "coordinates": [ -0.0093384, 51.4632165 ] } },
{ "type": "Feature", "properties": { "name": null }, "geometry": { "type": "Point", "coordinates": [ 0.0673433, 51.5410038 ] } },
{ "type": "Feature", "properties": { "name": null }, "geometry": { "type": "Point", "coordinates": [ 0.0676582, 51.5413795 ] } },
{ "type": "Feature", "properties": { "name": null }, "geometry": { "type": "Point", "coordinates": [ 0.0677411, 51.5413183 ] } },
{ "type": "Feature", "properties": { "name": null }, "geometry": { "type": "Point", "coordinates": [ 0.06727, 51.5410018 ] } },
{ "type": "Feature", "properties": { "name": null }, "geometry": { "type": "Point", "coordinates": [ 0.0677354, 51.5413822 ] } },
{ "type": "Feature", "properties": { "name": null }, "geometry": { "type": "Point", "coordinates": [ 0.0679617, 51.5413243 ] } },
{ "type": "Feature", "properties": { "name": null }, "geometry": { "type": "Point", "coordinates": [ 0.0672553, 51.5412093 ] } },
{ "type": "Feature", "properties": { "name": null }, "geometry": { "type": "Point", "coordinates": [ 0.0679745, 51.5411433 ] } },
{ "type": "Feature", "properties": { "name": null }, "geometry": { "type": "Point", "coordinates": [ 0.0673435, 51.5412117 ] } },
{ "type": "Feature", "properties": { "name": null }, "geometry": { "type": "Point", "coordinates": [ 0.067742, 51.541137 ] } },
{ "type": "Feature", "properties": { "name": null }, "geometry": { "type": "Point", "coordinates": [ 0.0673465, 51.5409591 ] } },
{ "type": "Feature", "properties": { "name": null }, "geometry": { "type": "Point", "coordinates": [ 0.0673242, 51.5414838 ] } },
{ "type": "Feature", "properties": { "name": null }, "geometry": { "type": "Point", "coordinates": [ 0.0677538, 51.5409703 ] } },
{ "type": "Feature", "properties": { "name": null }, "geometry": { "type": "Point", "coordinates": [ 0.0676502, 51.5414927 ] } },
{ "type": "Feature", "properties": { "name": null }, "geometry": { "type": "Point", "coordinates": [ -0.1341985, 51.519554 ] } },
{ "type": "Feature", "properties": { "name": null }, "geometry": { "type": "Point", "coordinates": [ -0.1342203, 51.5195727 ] } },
{ "type": "Feature", "properties": { "name": null }, "geometry": { "type": "Point", "coordinates": [ -0.1342532, 51.5196009 ] } },
{ "type": "Feature", "properties": { "name": null }, "geometry": { "type": "Point", "coordinates": [ -0.1342716, 51.5196167 ] } },
{ "type": "Feature", "properties": { "name": null }, "geometry": { "type": "Point", "coordinates": [ -0.133824, 51.5197153 ] } },
{ "type": "Feature", "properties": { "name": null }, "geometry": { "type": "Point", "coordinates": [ -0.1340371, 51.5197262 ] } },
{ "type": "Feature", "properties": { "name": null }, "geometry": { "type": "Point", "coordinates": [ -0.1340576, 51.5197363 ] } },
{ "type": "Feature", "properties": { "name": null }, "geometry": { "type": "Point", "coordinates": [ -0.1339108, 51.519797 ] } },
{ "type": "Feature", "properties": { "name": null }, "geometry": { "type": "Point", "coordinates": [ -0.1057083, 51.4910522 ] } },
{ "type": "Feature", "properties": { "name": "Turnpike Parade Safer Neighbourhood Team Base" }, "geometry": { "type": "Point", "coordinates": [ -0.1024403, 51.5897657 ] } },
{ "type": "Feature", "properties": { "name": null }, "geometry": { "type": "Point", "coordinates": [ 0.2828749, 51.5089879 ] } },
{ "type": "Feature", "properties": { "name": null }, "geometry": { "type": "Point", "coordinates": [ 0.2829715, 51.5089863 ] } },
{ "type": "Feature", "properties": { "name": null }, "geometry": { "type": "Point", "coordinates": [ 0.2828696, 51.5088427 ] } },
{ "type": "Feature", "properties": { "name": null }, "geometry": { "type": "Point", "coordinates": [ 0.2828958, 51.5087378 ] } },
{ "type": "Feature", "properties": { "name": null }, "geometry": { "type": "Point", "coordinates": [ 0.2831136, 51.5087342 ] } },
{ "type": "Feature", "properties": { "name": null }, "geometry": { "type": "Point", "coordinates": [ 0.2831136, 51.5086657 ] } },
{ "type": "Feature", "properties": { "name": null }, "geometry": { "type": "Point", "coordinates": [ 0.2828937, 51.5086708 ] } },
{ "type": "Feature", "properties": { "name": null }, "geometry": { "type": "Point", "coordinates": [ 0.2832343, 51.5087425 ] } },
{ "type": "Feature", "properties": { "name": null }, "geometry": { "type": "Point", "coordinates": [ 0.2834517, 51.5087409 ] } },
{ "type": "Feature", "properties": { "name": null }, "geometry": { "type": "Point", "coordinates": [ 0.283457, 51.5089562 ] } },
{ "type": "Feature", "properties": { "name": null }, "geometry": { "type": "Point", "coordinates": [ 0.2835455, 51.5089559 ] } },
{ "type": "Feature", "properties": { "name": null }, "geometry": { "type": "Point", "coordinates": [ 0.2835423, 51.5087392 ] } },
{ "type": "Feature", "properties": { "name": null }, "geometry": { "type": "Point", "coordinates": [ 0.283569, 51.5087382 ] } },
{ "type": "Feature", "properties": { "name": null }, "geometry": { "type": "Point", "coordinates": [ 0.2835707, 51.5086598 ] } },
{ "type": "Feature", "properties": { "name": null }, "geometry": { "type": "Point", "coordinates": [ 0.2832317, 51.5086641 ] } },
{ "type": "Feature", "properties": { "name": null }, "geometry": { "type": "Point", "coordinates": [ 0.2829121, 51.508842 ] } },
{ "type": "Feature", "properties": { "name": null }, "geometry": { "type": "Point", "coordinates": [ 0.2829102, 51.5087376 ] } },
{ "type": "Feature", "properties": { "name": null }, "geometry": { "type": "Point", "coordinates": [ 0.2831136, 51.5086742 ] } },
{ "type": "Feature", "properties": { "name": null }, "geometry": { "type": "Point", "coordinates": [ 0.2832319, 51.5086721 ] } },
{ "type": "Feature", "properties": { "name": null }, "geometry": { "type": "Point", "coordinates": [ 0.2829632, 51.5088407 ] } },
{ "type": "Feature", "properties": { "name": null }, "geometry": { "type": "Point", "coordinates": [ 0.283442, 51.5087407 ] } },
{ "type": "Feature", "properties": { "name": null }, "geometry": { "type": "Point", "coordinates": [ 0.2835011, 51.5086607 ] } },
{ "type": "Feature", "properties": { "name": null }, "geometry": { "type": "Point", "coordinates": [ 0.2833617, 51.5086624 ] } },
{ "type": "Feature", "properties": { "name": null }, "geometry": { "type": "Point", "coordinates": [ -0.2132049, 51.4651051 ] } },
{ "type": "Feature", "properties": { "name": null }, "geometry": { "type": "Point", "coordinates": [ -0.213735, 51.4646303 ] } },
{ "type": "Feature", "properties": { "name": null }, "geometry": { "type": "Point", "coordinates": [ -0.2145003, 51.4649296 ] } },
{ "type": "Feature", "properties": { "name": null }, "geometry": { "type": "Point", "coordinates": [ -0.2143116, 51.4651538 ] } },
{ "type": "Feature", "properties": { "name": null }, "geometry": { "type": "Point", "coordinates": [ -0.214095, 51.4650826 ] } },
{ "type": "Feature", "properties": { "name": null }, "geometry": { "type": "Point", "coordinates": [ -0.2142196, 51.464936 ] } },
{ "type": "Feature", "properties": { "name": null }, "geometry": { "type": "Point", "coordinates": [ -0.2137146, 51.4647676 ] } },
{ "type": "Feature", "properties": { "name": null }, "geometry": { "type": "Point", "coordinates": [ -0.2133758, 51.4651581 ] } },
{ "type": "Feature", "properties": { "name": null }, "geometry": { "type": "Point", "coordinates": [ -0.0125078, 51.5761072 ] } },
{ "type": "Feature", "properties": { "name": null }, "geometry": { "type": "Point", "coordinates": [ -0.0125466, 51.5760782 ] } },
{ "type": "Feature", "properties": { "name": null }, "geometry": { "type": "Point", "coordinates": [ -0.0124176, 51.5759757 ] } },
{ "type": "Feature", "properties": { "name": null }, "geometry": { "type": "Point", "coordinates": [ -0.0123587, 51.5760126 ] } },
{ "type": "Feature", "properties": { "name": null }, "geometry": { "type": "Point", "coordinates": [ -0.0122711, 51.575959 ] } },
{ "type": "Feature", "properties": { "name": null }, "geometry": { "type": "Point", "coordinates": [ -0.0123274, 51.5759185 ] } },
{ "type": "Feature", "properties": { "name": "Harlesden Police Station" }, "geometry": { "type": "Point", "coordinates": [ -0.2546171, 51.5418878 ] } },
{ "type": "Feature", "properties": { "name": null }, "geometry": { "type": "Point", "coordinates": [ -0.1407381, 51.5392181 ] } },
{ "type": "Feature", "properties": { "name": null }, "geometry": { "type": "Point", "coordinates": [ -0.1407944, 51.5392252 ] } },
{ "type": "Feature", "properties": { "name": null }, "geometry": { "type": "Point", "coordinates": [ -0.1408366, 51.5392095 ] } },
{ "type": "Feature", "properties": { "name": null }, "geometry": { "type": "Point", "coordinates": [ -0.1407473, 51.5392428 ] } },
{ "type": "Feature", "properties": { "name": null }, "geometry": { "type": "Point", "coordinates": [ -0.1408216, 51.5393197 ] } },
{ "type": "Feature", "properties": { "name": null }, "geometry": { "type": "Point", "coordinates": [ -0.140736, 51.5393517 ] } },
{ "type": "Feature", "properties": { "name": "Safer Neighbourhoods" }, "geometry": { "type": "Point", "coordinates": [ -0.1621063, 51.643233 ] } },
{ "type": "Feature", "properties": { "name": null }, "geometry": { "type": "Point", "coordinates": [ -0.1986769, 51.4572348 ] } },
{ "type": "Feature", "properties": { "name": null }, "geometry": { "type": "Point", "coordinates": [ -0.105401, 51.4909943 ] } },
{ "type": "Feature", "properties": { "name": null }, "geometry": { "type": "Point", "coordinates": [ -0.1060811, 51.4917355 ] } },
{ "type": "Feature", "properties": { "name": null }, "geometry": { "type": "Point", "coordinates": [ 0.3223398, 51.479416 ] } },
{ "type": "Feature", "properties": { "name": null }, "geometry": { "type": "Point", "coordinates": [ 0.3225593, 51.4792584 ] } },
{ "type": "Feature", "properties": { "name": null }, "geometry": { "type": "Point", "coordinates": [ 0.3226917, 51.4791304 ] } },
{ "type": "Feature", "properties": { "name": null }, "geometry": { "type": "Point", "coordinates": [ 0.3227412, 51.4791501 ] } },
{ "type": "Feature", "properties": { "name": null }, "geometry": { "type": "Point", "coordinates": [ 0.3229033, 51.4789961 ] } },
{ "type": "Feature", "properties": { "name": null }, "geometry": { "type": "Point", "coordinates": [ 0.322583, 51.4788705 ] } },
{ "type": "Feature", "properties": { "name": null }, "geometry": { "type": "Point", "coordinates": [ 0.3223141, 51.4791205 ] } },
{ "type": "Feature", "properties": { "name": null }, "geometry": { "type": "Point", "coordinates": [ 0.3223457, 51.4791353 ] } },
{ "type": "Feature", "properties": { "name": null }, "geometry": { "type": "Point", "coordinates": [ 0.3221342, 51.4793372 ] } },
{ "type": "Feature", "properties": { "name": null }, "geometry": { "type": "Point", "coordinates": [ 0.3225188, 51.4792445 ] } },
{ "type": "Feature", "properties": { "name": null }, "geometry": { "type": "Point", "coordinates": [ 0.3224876, 51.4792751 ] } },
{ "type": "Feature", "properties": { "name": null }, "geometry": { "type": "Point", "coordinates": [ 0.3227599, 51.4787659 ] } },
{ "type": "Feature", "properties": { "name": null }, "geometry": { "type": "Point", "coordinates": [ 0.3222776, 51.4793922 ] } },
{ "type": "Feature", "properties": { "name": null }, "geometry": { "type": "Point", "coordinates": [ 0.3230415, 51.4790531 ] } },
{ "type": "Feature", "properties": { "name": null }, "geometry": { "type": "Point", "coordinates": [ 0.3229841, 51.4790288 ] } },
{ "type": "Feature", "properties": { "name": null }, "geometry": { "type": "Point", "coordinates": [ 0.322861, 51.4791354 ] } },
{ "type": "Feature", "properties": { "name": null }, "geometry": { "type": "Point", "coordinates": [ 0.3227902, 51.4791071 ] } },
{ "type": "Feature", "properties": { "name": null }, "geometry": { "type": "Point", "coordinates": [ 0.3226885, 51.4789119 ] } },
{ "type": "Feature", "properties": { "name": null }, "geometry": { "type": "Point", "coordinates": [ 0.3226667, 51.4789034 ] } },
{ "type": "Feature", "properties": { "name": null }, "geometry": { "type": "Point", "coordinates": [ 0.3226818, 51.4788324 ] } },
{ "type": "Feature", "properties": { "name": null }, "geometry": { "type": "Point", "coordinates": [ 0.3227861, 51.4788178 ] } },
{ "type": "Feature", "properties": { "name": null }, "geometry": { "type": "Point", "coordinates": [ 0.3227579, 51.4788024 ] } },
{ "type": "Feature", "properties": { "name": null }, "geometry": { "type": "Point", "coordinates": [ 0.3227945, 51.4787701 ] } },
{ "type": "Feature", "properties": { "name": null }, "geometry": { "type": "Point", "coordinates": [ 0.3227217, 51.4788496 ] } },
{ "type": "Feature", "properties": { "name": null }, "geometry": { "type": "Point", "coordinates": [ 0.3228821, 51.4792069 ] } },
{ "type": "Feature", "properties": { "name": null }, "geometry": { "type": "Point", "coordinates": [ 0.3224176, 51.4793431 ] } },
{ "type": "Feature", "properties": { "name": null }, "geometry": { "type": "Point", "coordinates": [ 0.3226923, 51.4788783 ] } },
{ "type": "Feature", "properties": { "name": null }, "geometry": { "type": "Point", "coordinates": [ 0.3227156, 51.4788857 ] } },
{ "type": "Feature", "properties": { "name": null }, "geometry": { "type": "Point", "coordinates": [ -0.0713878, 51.5182966 ] } },
{ "type": "Feature", "properties": { "name": null }, "geometry": { "type": "Point", "coordinates": [ -0.0257357, 51.5108445 ] } },
{ "type": "Feature", "properties": { "name": null }, "geometry": { "type": "Point", "coordinates": [ -0.1488694, 51.4878364 ] } },
{ "type": "Feature", "properties": { "name": null }, "geometry": { "type": "Point", "coordinates": [ -0.1488252, 51.4876671 ] } },
{ "type": "Feature", "properties": { "name": null }, "geometry": { "type": "Point", "coordinates": [ -0.1485045, 51.4876995 ] } },
{ "type": "Feature", "properties": { "name": null }, "geometry": { "type": "Point", "coordinates": [ -0.1485487, 51.4878689 ] } },
{ "type": "Feature", "properties": { "name": null }, "geometry": { "type": "Point", "coordinates": [ -0.148659, 51.4878578 ] } },
{ "type": "Feature", "properties": { "name": null }, "geometry": { "type": "Point", "coordinates": [ -0.1486716, 51.487906 ] } },
{ "type": "Feature", "properties": { "name": null }, "geometry": { "type": "Point", "coordinates": [ -0.1487844, 51.4878946 ] } },
{ "type": "Feature", "properties": { "name": null }, "geometry": { "type": "Point", "coordinates": [ -0.1487717, 51.4878462 ] } },
{ "type": "Feature", "properties": { "name": null }, "geometry": { "type": "Point", "coordinates": [ 0.0050685, 51.528918 ] } },
{ "type": "Feature", "properties": { "name": null }, "geometry": { "type": "Point", "coordinates": [ 0.0050593, 51.5290666 ] } },
{ "type": "Feature", "properties": { "name": null }, "geometry": { "type": "Point", "coordinates": [ 0.0052181, 51.5289227 ] } },
{ "type": "Feature", "properties": { "name": null }, "geometry": { "type": "Point", "coordinates": [ 0.0052285, 51.5290565 ] } },
{ "type": "Feature", "properties": { "name": null }, "geometry": { "type": "Point", "coordinates": [ 0.0051445, 51.5291526 ] } },
{ "type": "Feature", "properties": { "name": null }, "geometry": { "type": "Point", "coordinates": [ 0.0052147, 51.5291548 ] } },
{ "type": "Feature", "properties": { "name": null }, "geometry": { "type": "Point", "coordinates": [ 0.0052394, 51.5289234 ] } },
{ "type": "Feature", "properties": { "name": null }, "geometry": { "type": "Point", "coordinates": [ 0.0050573, 51.5289177 ] } },
{ "type": "Feature", "properties": { "name": null }, "geometry": { "type": "Point", "coordinates": [ 0.0050451, 51.5290661 ] } },
{ "type": "Feature", "properties": { "name": null }, "geometry": { "type": "Point", "coordinates": [ 0.0051433, 51.5291681 ] } },
{ "type": "Feature", "properties": { "name": null }, "geometry": { "type": "Point", "coordinates": [ 0.0052226, 51.5288678 ] } },
{ "type": "Feature", "properties": { "name": null }, "geometry": { "type": "Point", "coordinates": [ 0.005073, 51.5288631 ] } },
{ "type": "Feature", "properties": { "name": null }, "geometry": { "type": "Point", "coordinates": [ 0.0050512, 51.5291652 ] } },
{ "type": "Feature", "properties": { "name": null }, "geometry": { "type": "Point", "coordinates": [ 0.0054728, 51.5290642 ] } },
{ "type": "Feature", "properties": { "name": null }, "geometry": { "type": "Point", "coordinates": [ 0.0054631, 51.5291832 ] } },
{ "type": "Feature", "properties": { "name": null }, "geometry": { "type": "Point", "coordinates": [ 0.005213, 51.5291753 ] } },
{ "type": "Feature", "properties": { "name": null }, "geometry": { "type": "Point", "coordinates": [ -0.1246595, 51.5098785 ] } },
{ "type": "Feature", "properties": { "name": null }, "geometry": { "type": "Point", "coordinates": [ -0.124535, 51.5097936 ] } },
{ "type": "Feature", "properties": { "name": null }, "geometry": { "type": "Point", "coordinates": [ -0.1246044, 51.5098538 ] } },
{ "type": "Feature", "properties": { "name": null }, "geometry": { "type": "Point", "coordinates": [ -0.1245504, 51.5097862 ] } },
{ "type": "Feature", "properties": { "name": null }, "geometry": { "type": "Point", "coordinates": [ -0.1246211, 51.5098468 ] } },
{ "type": "Feature", "properties": { "name": null }, "geometry": { "type": "Point", "coordinates": [ -0.1172476, 51.5208457 ] } },
{ "type": "Feature", "properties": { "name": null }, "geometry": { "type": "Point", "coordinates": [ -0.1177376, 51.5207358 ] } },
{ "type": "Feature", "properties": { "name": null }, "geometry": { "type": "Point", "coordinates": [ -0.1177068, 51.5209486 ] } },
{ "type": "Feature", "properties": { "name": null }, "geometry": { "type": "Point", "coordinates": [ -0.1175148, 51.5209905 ] } },
{ "type": "Feature", "properties": { "name": null }, "geometry": { "type": "Point", "coordinates": [ -0.1177761, 51.5209344 ] } },
{ "type": "Feature", "properties": { "name": null }, "geometry": { "type": "Point", "coordinates": [ 0.0249925, 51.5232298 ] } },
{ "type": "Feature", "properties": { "name": null }, "geometry": { "type": "Point", "coordinates": [ -0.1871225, 51.4374371 ] } },
{ "type": "Feature", "properties": { "name": null }, "geometry": { "type": "Point", "coordinates": [ -0.187104, 51.4373701 ] } },
{ "type": "Feature", "properties": { "name": null }, "geometry": { "type": "Point", "coordinates": [ -0.1872234, 51.4373968 ] } },
{ "type": "Feature", "properties": { "name": null }, "geometry": { "type": "Point", "coordinates": [ -0.1872906, 51.4373893 ] } },
{ "type": "Feature", "properties": { "name": null }, "geometry": { "type": "Point", "coordinates": [ -0.1872797, 51.4373507 ] } },
{ "type": "Feature", "properties": { "name": null }, "geometry": { "type": "Point", "coordinates": [ -0.1872389, 51.4374517 ] } },
{ "type": "Feature", "properties": { "name": null }, "geometry": { "type": "Point", "coordinates": [ -0.1871301, 51.4374637 ] } },
{ "type": "Feature", "properties": { "name": null }, "geometry": { "type": "Point", "coordinates": [ -0.1870171, 51.4374487 ] } },
{ "type": "Feature", "properties": { "name": null }, "geometry": { "type": "Point", "coordinates": [ -0.1871022, 51.4373636 ] } },
{ "type": "Feature", "properties": { "name": null }, "geometry": { "type": "Point", "coordinates": [ -0.1870473, 51.437555 ] } },
{ "type": "Feature", "properties": { "name": null }, "geometry": { "type": "Point", "coordinates": [ -0.1869326, 51.4375676 ] } },
{ "type": "Feature", "properties": { "name": null }, "geometry": { "type": "Point", "coordinates": [ -0.1868816, 51.4373879 ] } },
{ "type": "Feature", "properties": { "name": null }, "geometry": { "type": "Point", "coordinates": [ -0.1869875, 51.4375616 ] } },
{ "type": "Feature", "properties": { "name": null }, "geometry": { "type": "Point", "coordinates": [ -0.1426107, 51.4529384 ] } },
{ "type": "Feature", "properties": { "name": null }, "geometry": { "type": "Point", "coordinates": [ -0.142526, 51.4529028 ] } },
{ "type": "Feature", "properties": { "name": null }, "geometry": { "type": "Point", "coordinates": [ -0.1425354, 51.4528941 ] } },
{ "type": "Feature", "properties": { "name": null }, "geometry": { "type": "Point", "coordinates": [ -0.1424697, 51.4528665 ] } },
{ "type": "Feature", "properties": { "name": null }, "geometry": { "type": "Point", "coordinates": [ -0.1425258, 51.4528147 ] } },
{ "type": "Feature", "properties": { "name": null }, "geometry": { "type": "Point", "coordinates": [ -0.1425893, 51.4528414 ] } },
{ "type": "Feature", "properties": { "name": null }, "geometry": { "type": "Point", "coordinates": [ -0.1426187, 51.452837 ] } },
{ "type": "Feature", "properties": { "name": null }, "geometry": { "type": "Point", "coordinates": [ -0.1426533, 51.4528515 ] } },
{ "type": "Feature", "properties": { "name": null }, "geometry": { "type": "Point", "coordinates": [ -0.1426563, 51.4528686 ] } },
{ "type": "Feature", "properties": { "name": null }, "geometry": { "type": "Point", "coordinates": [ -0.1426769, 51.4528773 ] } },
{ "type": "Feature", "properties": { "name": null }, "geometry": { "type": "Point", "coordinates": [ 0.0039822, 51.5392761 ] } },
{ "type": "Feature", "properties": { "name": null }, "geometry": { "type": "Point", "coordinates": [ 0.0039489, 51.5392635 ] } },
{ "type": "Feature", "properties": { "name": null }, "geometry": { "type": "Point", "coordinates": [ 0.0040342, 51.5390044 ] } },
{ "type": "Feature", "properties": { "name": null }, "geometry": { "type": "Point", "coordinates": [ 0.0039689, 51.539008 ] } },
{ "type": "Feature", "properties": { "name": null }, "geometry": { "type": "Point", "coordinates": [ 0.0035756, 51.5391612 ] } },
{ "type": "Feature", "properties": { "name": null }, "geometry": { "type": "Point", "coordinates": [ 0.0036255, 51.5391039 ] } },
{ "type": "Feature", "properties": { "name": null }, "geometry": { "type": "Point", "coordinates": [ 0.0035847, 51.5390772 ] } },
{ "type": "Feature", "properties": { "name": null }, "geometry": { "type": "Point", "coordinates": [ 0.0037948, 51.5392374 ] } },
{ "type": "Feature", "properties": { "name": null }, "geometry": { "type": "Point", "coordinates": [ 0.0036028, 51.539089 ] } },
{ "type": "Feature", "properties": { "name": null }, "geometry": { "type": "Point", "coordinates": [ 0.0039548, 51.5390213 ] } },
{ "type": "Feature", "properties": { "name": null }, "geometry": { "type": "Point", "coordinates": [ 0.0040036, 51.539037 ] } },
{ "type": "Feature", "properties": { "name": null }, "geometry": { "type": "Point", "coordinates": [ 0.0041578, 51.5390862 ] } },
{ "type": "Feature", "properties": { "name": null }, "geometry": { "type": "Point", "coordinates": [ 0.0036028, 51.5390102 ] } },
{ "type": "Feature", "properties": { "name": null }, "geometry": { "type": "Point", "coordinates": [ 0.0036333, 51.5390219 ] } },
{ "type": "Feature", "properties": { "name": null }, "geometry": { "type": "Point", "coordinates": [ -0.1126863, 51.4646578 ] } },
{ "type": "Feature", "properties": { "name": null }, "geometry": { "type": "Point", "coordinates": [ -0.3290007, 51.4478779 ] } },
{ "type": "Feature", "properties": { "name": null }, "geometry": { "type": "Point", "coordinates": [ -0.3290696, 51.4479704 ] } },
{ "type": "Feature", "properties": { "name": null }, "geometry": { "type": "Point", "coordinates": [ -0.329619, 51.4482129 ] } },
{ "type": "Feature", "properties": { "name": null }, "geometry": { "type": "Point", "coordinates": [ -0.3300653, 51.4480676 ] } },
{ "type": "Feature", "properties": { "name": null }, "geometry": { "type": "Point", "coordinates": [ -0.3300405, 51.4480421 ] } },
{ "type": "Feature", "properties": { "name": null }, "geometry": { "type": "Point", "coordinates": [ -0.3299848, 51.4480154 ] } },
{ "type": "Feature", "properties": { "name": null }, "geometry": { "type": "Point", "coordinates": [ -0.3294388, 51.4479841 ] } },
{ "type": "Feature", "properties": { "name": null }, "geometry": { "type": "Point", "coordinates": [ -0.3292417, 51.4480696 ] } },
{ "type": "Feature", "properties": { "name": null }, "geometry": { "type": "Point", "coordinates": [ -0.3292829, 51.4481183 ] } },
{ "type": "Feature", "properties": { "name": null }, "geometry": { "type": "Point", "coordinates": [ -0.0748197, 51.558154 ] } },
{ "type": "Feature", "properties": { "name": null }, "geometry": { "type": "Point", "coordinates": [ -0.0751322, 51.55812 ] } },
{ "type": "Feature", "properties": { "name": null }, "geometry": { "type": "Point", "coordinates": [ -0.0746204, 51.5581628 ] } },
{ "type": "Feature", "properties": { "name": null }, "geometry": { "type": "Point", "coordinates": [ -0.1304329, 51.3994242 ] } },
{ "type": "Feature", "properties": { "name": null }, "geometry": { "type": "Point", "coordinates": [ -0.1304045, 51.3994817 ] } },
{ "type": "Feature", "properties": { "name": null }, "geometry": { "type": "Point", "coordinates": [ -0.1305698, 51.3995134 ] } },
{ "type": "Feature", "properties": { "name": null }, "geometry": { "type": "Point", "coordinates": [ -0.1305982, 51.3994559 ] } },
{ "type": "Feature", "properties": { "name": null }, "geometry": { "type": "Point", "coordinates": [ -0.1125912, 51.4649521 ] } },
{ "type": "Feature", "properties": { "name": null }, "geometry": { "type": "Point", "coordinates": [ -0.1337738, 51.5197364 ] } },
{ "type": "Feature", "properties": { "name": "Epsom Police Station" }, "geometry": { "type": "Point", "coordinates": [ -0.2647494, 51.3327635 ] } },
{ "type": "Feature", "properties": { "name": null }, "geometry": { "type": "Point", "coordinates": [ 0.1150831, 51.3942497 ] } },
{ "type": "Feature", "properties": { "name": null }, "geometry": { "type": "Point", "coordinates": [ 0.114908, 51.3942606 ] } },
{ "type": "Feature", "properties": { "name": null }, "geometry": { "type": "Point", "coordinates": [ -0.4039792, 51.4462266 ] } },
{ "type": "Feature", "properties": { "name": null }, "geometry": { "type": "Point", "coordinates": [ -0.4035868, 51.4465489 ] } },
{ "type": "Feature", "properties": { "name": null }, "geometry": { "type": "Point", "coordinates": [ -0.404243, 51.4467455 ] } },
{ "type": "Feature", "properties": { "name": null }, "geometry": { "type": "Point", "coordinates": [ -0.4046638, 51.4464104 ] } },
{ "type": "Feature", "properties": { "name": null }, "geometry": { "type": "Point", "coordinates": [ -0.1126971, 51.6029298 ] } },
{ "type": "Feature", "properties": { "name": null }, "geometry": { "type": "Point", "coordinates": [ -0.1126971, 51.6030018 ] } },
{ "type": "Feature", "properties": { "name": null }, "geometry": { "type": "Point", "coordinates": [ -0.1126656, 51.6030085 ] } },
{ "type": "Feature", "properties": { "name": null }, "geometry": { "type": "Point", "coordinates": [ -0.1126367, 51.6030193 ] } },
{ "type": "Feature", "properties": { "name": null }, "geometry": { "type": "Point", "coordinates": [ -0.1126267, 51.6030356 ] } },
{ "type": "Feature", "properties": { "name": null }, "geometry": { "type": "Point", "coordinates": [ -0.112628, 51.6030572 ] } },
{ "type": "Feature", "properties": { "name": null }, "geometry": { "type": "Point", "coordinates": [ -0.1125153, 51.6030573 ] } },
{ "type": "Feature", "properties": { "name": null }, "geometry": { "type": "Point", "coordinates": [ -0.1125214, 51.6031764 ] } },
{ "type": "Feature", "properties": { "name": null }, "geometry": { "type": "Point", "coordinates": [ -0.1120781, 51.6031273 ] } },
{ "type": "Feature", "properties": { "name": null }, "geometry": { "type": "Point", "coordinates": [ -0.112158, 51.6029852 ] } },
{ "type": "Feature", "properties": { "name": null }, "geometry": { "type": "Point", "coordinates": [ -0.1121975, 51.6028865 ] } },
{ "type": "Feature", "properties": { "name": null }, "geometry": { "type": "Point", "coordinates": [ -0.1122337, 51.6028306 ] } },
{ "type": "Feature", "properties": { "name": null }, "geometry": { "type": "Point", "coordinates": [ -0.1122826, 51.6027516 ] } },
{ "type": "Feature", "properties": { "name": null }, "geometry": { "type": "Point", "coordinates": [ -0.112872, 51.602734 ] } },
{ "type": "Feature", "properties": { "name": null }, "geometry": { "type": "Point", "coordinates": [ -0.1128895, 51.6029227 ] } },
{ "type": "Feature", "properties": { "name": null }, "geometry": { "type": "Point", "coordinates": [ -0.1399634, 51.5407717 ] } },
{ "type": "Feature", "properties": { "name": null }, "geometry": { "type": "Point", "coordinates": [ -0.1393059, 51.5409946 ] } },
{ "type": "Feature", "properties": { "name": null }, "geometry": { "type": "Point", "coordinates": [ -0.1393969, 51.5408977 ] } },
{ "type": "Feature", "properties": { "name": null }, "geometry": { "type": "Point", "coordinates": [ -0.1394462, 51.5409223 ] } },
{ "type": "Feature", "properties": { "name": null }, "geometry": { "type": "Point", "coordinates": [ -0.3060485, 51.5515775 ] } },
{ "type": "Feature", "properties": { "name": null }, "geometry": { "type": "Point", "coordinates": [ -0.1056474, 51.4909386 ] } },
{ "type": "Feature", "properties": { "name": null }, "geometry": { "type": "Point", "coordinates": [ -0.1712033, 51.5229274 ] } },
{ "type": "Feature", "properties": { "name": null }, "geometry": { "type": "Point", "coordinates": [ -0.4352086, 51.5252321 ] } },
{ "type": "Feature", "properties": { "name": null }, "geometry": { "type": "Point", "coordinates": [ -0.4352702, 51.5249982 ] } },
{ "type": "Feature", "properties": { "name": null }, "geometry": { "type": "Point", "coordinates": [ -0.4350807, 51.5249781 ] } },
{ "type": "Feature", "properties": { "name": null }, "geometry": { "type": "Point", "coordinates": [ -0.4350992, 51.5249139 ] } },
{ "type": "Feature", "properties": { "name": null }, "geometry": { "type": "Point", "coordinates": [ -0.4349944, 51.5248966 ] } },
{ "type": "Feature", "properties": { "name": null }, "geometry": { "type": "Point", "coordinates": [ -0.4348974, 51.525233 ] } },
{ "type": "Feature", "properties": { "name": null }, "geometry": { "type": "Point", "coordinates": [ -0.4351223, 51.5252647 ] } },
{ "type": "Feature", "properties": { "name": null }, "geometry": { "type": "Point", "coordinates": [ -0.4351547, 51.5252647 ] } },
{ "type": "Feature", "properties": { "name": null }, "geometry": { "type": "Point", "coordinates": [ -0.4351824, 51.525258 ] } },
{ "type": "Feature", "properties": { "name": null }, "geometry": { "type": "Point", "coordinates": [ -0.4351993, 51.5252484 ] } },
{ "type": "Feature", "properties": { "name": "Barking Police" }, "geometry": { "type": "Point", "coordinates": [ 0.0799034, 51.5365116 ] } },
{ "type": "Feature", "properties": { "name": "Dundonald, Raynes Park & West Barnes Wards Metropolitan Police Station" }, "geometry": { "type": "Point", "coordinates": [ -0.2263892, 51.4092078 ] } },
{ "type": "Feature", "properties": { "name": null }, "geometry": { "type": "Point", "coordinates": [ -0.2648835, 51.5647247 ] } },
{ "type": "Feature", "properties": { "name": null }, "geometry": { "type": "Point", "coordinates": [ -0.264821, 51.5647179 ] } },
{ "type": "Feature", "properties": { "name": null }, "geometry": { "type": "Point", "coordinates": [ -0.264787, 51.5647136 ] } },
{ "type": "Feature", "properties": { "name": null }, "geometry": { "type": "Point", "coordinates": [ -0.2647379, 51.5646898 ] } },
{ "type": "Feature", "properties": { "name": null }, "geometry": { "type": "Point", "coordinates": [ -0.2646658, 51.5647473 ] } },
{ "type": "Feature", "properties": { "name": null }, "geometry": { "type": "Point", "coordinates": [ -0.2647158, 51.5647715 ] } },
{ "type": "Feature", "properties": { "name": null }, "geometry": { "type": "Point", "coordinates": [ -0.2647074, 51.5647782 ] } },
{ "type": "Feature", "properties": { "name": null }, "geometry": { "type": "Point", "coordinates": [ -0.2648019, 51.5648241 ] } },
{ "type": "Feature", "properties": { "name": null }, "geometry": { "type": "Point", "coordinates": [ -0.2648662, 51.5647728 ] } },
{ "type": "Feature", "properties": { "name": null }, "geometry": { "type": "Point", "coordinates": [ -0.2648614, 51.5647705 ] } },
{ "type": "Feature", "properties": { "name": null }, "geometry": { "type": "Point", "coordinates": [ -0.2648866, 51.5647505 ] } },
{ "type": "Feature", "properties": { "name": null }, "geometry": { "type": "Point", "coordinates": [ -0.2648645, 51.5647398 ] } },
{ "type": "Feature", "properties": { "name": null }, "geometry": { "type": "Point", "coordinates": [ 0.0172493, 51.3993839 ] } },
{ "type": "Feature", "properties": { "name": null }, "geometry": { "type": "Point", "coordinates": [ 0.017412, 51.3992213 ] } },
{ "type": "Feature", "properties": { "name": null }, "geometry": { "type": "Point", "coordinates": [ 0.0175256, 51.3996022 ] } },
{ "type": "Feature", "properties": { "name": null }, "geometry": { "type": "Point", "coordinates": [ 0.0175014, 51.3995805 ] } },
{ "type": "Feature", "properties": { "name": null }, "geometry": { "type": "Point", "coordinates": [ 0.0175336, 51.3996307 ] } },
{ "type": "Feature", "properties": { "name": null }, "geometry": { "type": "Point", "coordinates": [ 0.0184061, 51.3995264 ] } },
{ "type": "Feature", "properties": { "name": null }, "geometry": { "type": "Point", "coordinates": [ 0.0183737, 51.3995452 ] } },
{ "type": "Feature", "properties": { "name": null }, "geometry": { "type": "Point", "coordinates": [ -0.2025844, 51.5089246 ] } },
{ "type": "Feature", "properties": { "name": null }, "geometry": { "type": "Point", "coordinates": [ -0.2024325, 51.5087197 ] } },
{ "type": "Feature", "properties": { "name": null }, "geometry": { "type": "Point", "coordinates": [ -0.203289, 51.5084782 ] } },
{ "type": "Feature", "properties": { "name": null }, "geometry": { "type": "Point", "coordinates": [ -0.2034387, 51.5086867 ] } },
{ "type": "Feature", "properties": { "name": null }, "geometry": { "type": "Point", "coordinates": [ -0.2033111, 51.5087223 ] } },
{ "type": "Feature", "properties": { "name": null }, "geometry": { "type": "Point", "coordinates": [ 0.219654, 51.5590812 ] } },
{ "type": "Feature", "properties": { "name": null }, "geometry": { "type": "Point", "coordinates": [ 0.219651, 51.559042 ] } },
{ "type": "Feature", "properties": { "name": null }, "geometry": { "type": "Point", "coordinates": [ 0.2202045, 51.5590257 ] } },
{ "type": "Feature", "properties": { "name": null }, "geometry": { "type": "Point", "coordinates": [ 0.2202232, 51.5592704 ] } },
{ "type": "Feature", "properties": { "name": null }, "geometry": { "type": "Point", "coordinates": [ 0.2199413, 51.5592776 ] } },
{ "type": "Feature", "properties": { "name": null }, "geometry": { "type": "Point", "coordinates": [ 0.2200195, 51.5590834 ] } },
{ "type": "Feature", "properties": { "name": null }, "geometry": { "type": "Point", "coordinates": [ 0.2198152, 51.5590895 ] } },
{ "type": "Feature", "properties": { "name": null }, "geometry": { "type": "Point", "coordinates": [ 0.2198142, 51.5590765 ] } },
{ "type": "Feature", "properties": { "name": null }, "geometry": { "type": "Point", "coordinates": [ 0.2200218, 51.5591126 ] } },
{ "type": "Feature", "properties": { "name": null }, "geometry": { "type": "Point", "coordinates": [ 0.2199721, 51.5591174 ] } },
{ "type": "Feature", "properties": { "name": null }, "geometry": { "type": "Point", "coordinates": [ 0.2199337, 51.5592544 ] } },
{ "type": "Feature", "properties": { "name": null }, "geometry": { "type": "Point", "coordinates": [ 0.2199199, 51.5592561 ] } },
{ "type": "Feature", "properties": { "name": null }, "geometry": { "type": "Point", "coordinates": [ 0.2198749, 51.5591173 ] } },
{ "type": "Feature", "properties": { "name": null }, "geometry": { "type": "Point", "coordinates": [ 0.2199683, 51.5591056 ] } },
{ "type": "Feature", "properties": { "name": null }, "geometry": { "type": "Point", "coordinates": [ 0.2202115, 51.5591177 ] } },
{ "type": "Feature", "properties": { "name": null }, "geometry": { "type": "Point", "coordinates": [ -0.1984791, 51.4574995 ] } },
{ "type": "Feature", "properties": { "name": null }, "geometry": { "type": "Point", "coordinates": [ -0.1982291, 51.4576741 ] } },
{ "type": "Feature", "properties": { "name": null }, "geometry": { "type": "Point", "coordinates": [ -0.1985314, 51.4576306 ] } },
{ "type": "Feature", "properties": { "name": null }, "geometry": { "type": "Point", "coordinates": [ 0.0677379, 51.5413539 ] } },
{ "type": "Feature", "properties": { "name": null }, "geometry": { "type": "Point", "coordinates": [ -0.0597803, 51.5029555 ] } },
{ "type": "Feature", "properties": { "name": null }, "geometry": { "type": "Point", "coordinates": [ -0.0597833, 51.5029023 ] } },
{ "type": "Feature", "properties": { "name": null }, "geometry": { "type": "Point", "coordinates": [ -0.0599009, 51.5026468 ] } },
{ "type": "Feature", "properties": { "name": null }, "geometry": { "type": "Point", "coordinates": [ -0.0603358, 51.5029433 ] } },
{ "type": "Feature", "properties": { "name": null }, "geometry": { "type": "Point", "coordinates": [ -0.1181999, 51.4946015 ] } },
{ "type": "Feature", "properties": { "name": null }, "geometry": { "type": "Point", "coordinates": [ -0.118172, 51.4941479 ] } },
{ "type": "Feature", "properties": { "name": null }, "geometry": { "type": "Point", "coordinates": [ -0.197841, 51.4975576 ] } },
{ "type": "Feature", "properties": { "name": null }, "geometry": { "type": "Point", "coordinates": [ -0.1978818, 51.4975478 ] } },
{ "type": "Feature", "properties": { "name": null }, "geometry": { "type": "Point", "coordinates": [ -0.1978894, 51.4975601 ] } },
{ "type": "Feature", "properties": { "name": null }, "geometry": { "type": "Point", "coordinates": [ -0.1979674, 51.4975414 ] } },
{ "type": "Feature", "properties": { "name": null }, "geometry": { "type": "Point", "coordinates": [ -0.1979599, 51.4975291 ] } },
{ "type": "Feature", "properties": { "name": null }, "geometry": { "type": "Point", "coordinates": [ -0.1982294, 51.4974645 ] } },
{ "type": "Feature", "properties": { "name": null }, "geometry": { "type": "Point", "coordinates": [ -0.1980461, 51.4971681 ] } },
{ "type": "Feature", "properties": { "name": null }, "geometry": { "type": "Point", "coordinates": [ -0.197965, 51.4971875 ] } },
{ "type": "Feature", "properties": { "name": null }, "geometry": { "type": "Point", "coordinates": [ -0.1979599, 51.4971793 ] } },
{ "type": "Feature", "properties": { "name": null }, "geometry": { "type": "Point", "coordinates": [ -0.1978409, 51.4972078 ] } },
{ "type": "Feature", "properties": { "name": null }, "geometry": { "type": "Point", "coordinates": [ -0.1978212, 51.4971759 ] } },
{ "type": "Feature", "properties": { "name": null }, "geometry": { "type": "Point", "coordinates": [ -0.1976331, 51.497221 ] } },
{ "type": "Feature", "properties": { "name": null }, "geometry": { "type": "Point", "coordinates": [ -0.198061, 51.4974236 ] } },
{ "type": "Feature", "properties": { "name": null }, "geometry": { "type": "Point", "coordinates": [ -0.1979831, 51.4972932 ] } },
{ "type": "Feature", "properties": { "name": null }, "geometry": { "type": "Point", "coordinates": [ -0.1978426, 51.4973257 ] } },
{ "type": "Feature", "properties": { "name": null }, "geometry": { "type": "Point", "coordinates": [ -0.1979205, 51.4974561 ] } },
{ "type": "Feature", "properties": { "name": null }, "geometry": { "type": "Point", "coordinates": [ -0.1975939, 51.4970296 ] } },
{ "type": "Feature", "properties": { "name": null }, "geometry": { "type": "Point", "coordinates": [ -0.1975784, 51.497192 ] } },
{ "type": "Feature", "properties": { "name": null }, "geometry": { "type": "Point", "coordinates": [ -0.1979224, 51.4971176 ] } },
{ "type": "Feature", "properties": { "name": null }, "geometry": { "type": "Point", "coordinates": [ -0.1979106, 51.4970964 ] } },
{ "type": "Feature", "properties": { "name": null }, "geometry": { "type": "Point", "coordinates": [ -0.1979389, 51.4970903 ] } },
{ "type": "Feature", "properties": { "name": null }, "geometry": { "type": "Point", "coordinates": [ -0.1979146, 51.4970468 ] } },
{ "type": "Feature", "properties": { "name": null }, "geometry": { "type": "Point", "coordinates": [ -0.197887, 51.4970527 ] } },
{ "type": "Feature", "properties": { "name": null }, "geometry": { "type": "Point", "coordinates": [ -0.1978693, 51.497021 ] } },
{ "type": "Feature", "properties": { "name": null }, "geometry": { "type": "Point", "coordinates": [ -0.1979196, 51.4970102 ] } },
{ "type": "Feature", "properties": { "name": null }, "geometry": { "type": "Point", "coordinates": [ -0.1978941, 51.4969646 ] } },
{ "type": "Feature", "properties": { "name": null }, "geometry": { "type": "Point", "coordinates": [ -0.1974991, 51.4970501 ] } },
{ "type": "Feature", "properties": { "name": null }, "geometry": { "type": "Point", "coordinates": [ -0.0798988, 51.5177748 ] } },
{ "type": "Feature", "properties": { "name": null }, "geometry": { "type": "Point", "coordinates": [ -0.0800559, 51.5176808 ] } },
{ "type": "Feature", "properties": { "name": null }, "geometry": { "type": "Point", "coordinates": [ -0.0798693, 51.5175958 ] } },
{ "type": "Feature", "properties": { "name": null }, "geometry": { "type": "Point", "coordinates": [ -0.0799816, 51.5175382 ] } },
{ "type": "Feature", "properties": { "name": null }, "geometry": { "type": "Point", "coordinates": [ -0.0799123, 51.5175198 ] } },
{ "type": "Feature", "properties": { "name": null }, "geometry": { "type": "Point", "coordinates": [ -0.0799351, 51.5176237 ] } },
{ "type": "Feature", "properties": { "name": null }, "geometry": { "type": "Point", "coordinates": [ -0.0787073, 51.5174325 ] } },
{ "type": "Feature", "properties": { "name": null }, "geometry": { "type": "Point", "coordinates": [ -0.0788149, 51.5172676 ] } },
{ "type": "Feature", "properties": { "name": null }, "geometry": { "type": "Point", "coordinates": [ -0.0798562, 51.5175896 ] } },
{ "type": "Feature", "properties": { "name": null }, "geometry": { "type": "Point", "coordinates": [ -0.0792195, 51.5172808 ] } },
{ "type": "Feature", "properties": { "name": null }, "geometry": { "type": "Point", "coordinates": [ -0.0788555, 51.5172122 ] } },
{ "type": "Feature", "properties": { "name": null }, "geometry": { "type": "Point", "coordinates": [ -0.0789327, 51.517189 ] } },
{ "type": "Feature", "properties": { "name": null }, "geometry": { "type": "Point", "coordinates": [ -0.079007, 51.5172125 ] } },
{ "type": "Feature", "properties": { "name": null }, "geometry": { "type": "Point", "coordinates": [ -0.0788582, 51.5172085 ] } },
{ "type": "Feature", "properties": { "name": null }, "geometry": { "type": "Point", "coordinates": [ -0.0788922, 51.5172207 ] } },
{ "type": "Feature", "properties": { "name": null }, "geometry": { "type": "Point", "coordinates": [ -0.1122384, 51.6031839 ] } },
{ "type": "Feature", "properties": { "name": null }, "geometry": { "type": "Point", "coordinates": [ -0.1120721, 51.6031605 ] } },
{ "type": "Feature", "properties": { "name": null }, "geometry": { "type": "Point", "coordinates": [ -0.1120627, 51.6031497 ] } },
{ "type": "Feature", "properties": { "name": null }, "geometry": { "type": "Point", "coordinates": [ -0.1120667, 51.6031397 ] } },
{ "type": "Feature", "properties": { "name": null }, "geometry": { "type": "Point", "coordinates": [ -0.1121271, 51.6029839 ] } },
{ "type": "Feature", "properties": { "name": null }, "geometry": { "type": "Point", "coordinates": [ -0.1243249, 51.5025537 ] } },
{ "type": "Feature", "properties": { "name": null }, "geometry": { "type": "Point", "coordinates": [ -0.48109, 51.5490763 ] } },
{ "type": "Feature", "properties": { "name": null }, "geometry": { "type": "Point", "coordinates": [ -0.4810886, 51.5490574 ] } },
{ "type": "Feature", "properties": { "name": null }, "geometry": { "type": "Point", "coordinates": [ -0.4810473, 51.5490357 ] } },
{ "type": "Feature", "properties": { "name": null }, "geometry": { "type": "Point", "coordinates": [ -0.4808651, 51.5489954 ] } },
{ "type": "Feature", "properties": { "name": null }, "geometry": { "type": "Point", "coordinates": [ -0.4808932, 51.5489476 ] } },
{ "type": "Feature", "properties": { "name": null }, "geometry": { "type": "Point", "coordinates": [ -0.4805957, 51.5488808 ] } },
{ "type": "Feature", "properties": { "name": null }, "geometry": { "type": "Point", "coordinates": [ -0.4804541, 51.5491084 ] } },
{ "type": "Feature", "properties": { "name": null }, "geometry": { "type": "Point", "coordinates": [ -0.4806138, 51.5491473 ] } },
{ "type": "Feature", "properties": { "name": null }, "geometry": { "type": "Point", "coordinates": [ -0.480571, 51.5492144 ] } },
{ "type": "Feature", "properties": { "name": null }, "geometry": { "type": "Point", "coordinates": [ -0.480681, 51.5492414 ] } },
{ "type": "Feature", "properties": { "name": null }, "geometry": { "type": "Point", "coordinates": [ -0.4806634, 51.5492693 ] } },
{ "type": "Feature", "properties": { "name": null }, "geometry": { "type": "Point", "coordinates": [ -0.4807147, 51.5493041 ] } },
{ "type": "Feature", "properties": { "name": null }, "geometry": { "type": "Point", "coordinates": [ -0.4807895, 51.5493214 ] } },
{ "type": "Feature", "properties": { "name": null }, "geometry": { "type": "Point", "coordinates": [ -0.4807796, 51.5493375 ] } },
{ "type": "Feature", "properties": { "name": null }, "geometry": { "type": "Point", "coordinates": [ -0.1983251, 51.457146 ] } },
{ "type": "Feature", "properties": { "name": null }, "geometry": { "type": "Point", "coordinates": [ -0.199105, 51.4575168 ] } },
{ "type": "Feature", "properties": { "name": null }, "geometry": { "type": "Point", "coordinates": [ -0.1987009, 51.4572946 ] } },
{ "type": "Feature", "properties": { "name": null }, "geometry": { "type": "Point", "coordinates": [ 0.0732357, 51.5303095 ] } },
{ "type": "Feature", "properties": { "name": null }, "geometry": { "type": "Point", "coordinates": [ -0.1983159, 51.4578524 ] } },
{ "type": "Feature", "properties": { "name": null }, "geometry": { "type": "Point", "coordinates": [ -0.1981732, 51.4578733 ] } },
{ "type": "Feature", "properties": { "name": null }, "geometry": { "type": "Point", "coordinates": [ -0.1983006, 51.4570886 ] } },
{ "type": "Feature", "properties": { "name": null }, "geometry": { "type": "Point", "coordinates": [ -0.0746568, 51.5575544 ] } },
{ "type": "Feature", "properties": { "name": null }, "geometry": { "type": "Point", "coordinates": [ -0.1399223, 51.5407256 ] } },
{ "type": "Feature", "properties": { "name": null }, "geometry": { "type": "Point", "coordinates": [ -0.1394495, 51.5409173 ] } },
{ "type": "Feature", "properties": { "name": null }, "geometry": { "type": "Point", "coordinates": [ -0.1395262, 51.540822 ] } },
{ "type": "Feature", "properties": { "name": null }, "geometry": { "type": "Point", "coordinates": [ -0.1395757, 51.5408365 ] } },
{ "type": "Feature", "properties": { "name": null }, "geometry": { "type": "Point", "coordinates": [ -0.1396545, 51.5407358 ] } },
{ "type": "Feature", "properties": { "name": null }, "geometry": { "type": "Point", "coordinates": [ -0.1397266, 51.5407414 ] } },
{ "type": "Feature", "properties": { "name": null }, "geometry": { "type": "Point", "coordinates": [ -0.1397897, 51.5406618 ] } },
{ "type": "Feature", "properties": { "name": null }, "geometry": { "type": "Point", "coordinates": [ -0.1398075, 51.5406643 ] } },
{ "type": "Feature", "properties": { "name": null }, "geometry": { "type": "Point", "coordinates": [ -0.139853, 51.5406754 ] } },
{ "type": "Feature", "properties": { "name": null }, "geometry": { "type": "Point", "coordinates": [ -0.1398816, 51.5406887 ] } },
{ "type": "Feature", "properties": { "name": null }, "geometry": { "type": "Point", "coordinates": [ -0.1399064, 51.540706 ] } },
{ "type": "Feature", "properties": { "name": null }, "geometry": { "type": "Point", "coordinates": [ -0.0973919, 51.4892733 ] } },
{ "type": "Feature", "properties": { "name": null }, "geometry": { "type": "Point", "coordinates": [ -0.0978415, 51.4892082 ] } },
{ "type": "Feature", "properties": { "name": null }, "geometry": { "type": "Point", "coordinates": [ -0.4045166, 51.4463385 ] } },
{ "type": "Feature", "properties": { "name": null }, "geometry": { "type": "Point", "coordinates": [ -0.4044011, 51.4464372 ] } },
{ "type": "Feature", "properties": { "name": null }, "geometry": { "type": "Point", "coordinates": [ -0.1425691, 51.5498354 ] } },
{ "type": "Feature", "properties": { "name": null }, "geometry": { "type": "Point", "coordinates": [ -0.1425945, 51.5497878 ] } },
{ "type": "Feature", "properties": { "name": null }, "geometry": { "type": "Point", "coordinates": [ -0.1415948, 51.5499598 ] } },
{ "type": "Feature", "properties": { "name": null }, "geometry": { "type": "Point", "coordinates": [ -0.1424508, 51.5498707 ] } },
{ "type": "Feature", "properties": { "name": null }, "geometry": { "type": "Point", "coordinates": [ -0.1420317, 51.5499833 ] } },
{ "type": "Feature", "properties": { "name": null }, "geometry": { "type": "Point", "coordinates": [ -0.1421249, 51.549942 ] } },
{ "type": "Feature", "properties": { "name": null }, "geometry": { "type": "Point", "coordinates": [ -0.1422597, 51.5499007 ] } },
{ "type": "Feature", "properties": { "name": null }, "geometry": { "type": "Point", "coordinates": [ -0.1419322, 51.5500412 ] } },
{ "type": "Feature", "properties": { "name": null }, "geometry": { "type": "Point", "coordinates": [ -0.1414844, 51.5496106 ] } },
{ "type": "Feature", "properties": { "name": null }, "geometry": { "type": "Point", "coordinates": [ -0.141339, 51.5496856 ] } },
{ "type": "Feature", "properties": { "name": null }, "geometry": { "type": "Point", "coordinates": [ -0.1416416, 51.5493591 ] } },
{ "type": "Feature", "properties": { "name": null }, "geometry": { "type": "Point", "coordinates": [ -0.1413708, 51.5495951 ] } },
{ "type": "Feature", "properties": { "name": null }, "geometry": { "type": "Point", "coordinates": [ -0.1413678, 51.5498684 ] } },
{ "type": "Feature", "properties": { "name": null }, "geometry": { "type": "Point", "coordinates": [ -0.1413524, 51.5498964 ] } },
{ "type": "Feature", "properties": { "name": null }, "geometry": { "type": "Point", "coordinates": [ -0.3291367, 51.4480606 ] } },
{ "type": "Feature", "properties": { "name": null }, "geometry": { "type": "Point", "coordinates": [ -0.1053853, 51.4910052 ] } },
{ "type": "Feature", "properties": { "name": null }, "geometry": { "type": "Point", "coordinates": [ -0.1053832, 51.4910142 ] } },
{ "type": "Feature", "properties": { "name": null }, "geometry": { "type": "Point", "coordinates": [ -0.1058661, 51.4917909 ] } },
{ "type": "Feature", "properties": { "name": null }, "geometry": { "type": "Point", "coordinates": [ -0.1241593, 51.5026441 ] } },
{ "type": "Feature", "properties": { "name": null }, "geometry": { "type": "Point", "coordinates": [ -0.1241443, 51.5028966 ] } },
{ "type": "Feature", "properties": { "name": null }, "geometry": { "type": "Point", "coordinates": [ 0.0250631, 51.5231691 ] } },
{ "type": "Feature", "properties": { "name": "Stratford Police Station" }, "geometry": { "type": "Point", "coordinates": [ -0.0025686, 51.5418028 ] } },
{ "type": "Feature", "properties": { "name": null }, "geometry": { "type": "Point", "coordinates": [ -0.2144116, 51.4648971 ] } },
{ "type": "Feature", "properties": { "name": null }, "geometry": { "type": "Point", "coordinates": [ -0.2136926, 51.4646796 ] } },
{ "type": "Feature", "properties": { "name": null }, "geometry": { "type": "Point", "coordinates": [ -0.2135917, 51.4646474 ] } },
{ "type": "Feature", "properties": { "name": null }, "geometry": { "type": "Point", "coordinates": [ -0.2144451, 51.4648576 ] } },
{ "type": "Feature", "properties": { "name": null }, "geometry": { "type": "Point", "coordinates": [ -0.0142991, 51.4306571 ] } },
{ "type": "Feature", "properties": { "name": null }, "geometry": { "type": "Point", "coordinates": [ -0.0138939, 51.4308505 ] } },
{ "type": "Feature", "properties": { "name": null }, "geometry": { "type": "Point", "coordinates": [ -0.01482, 51.4305393 ] } },
{ "type": "Feature", "properties": { "name": null }, "geometry": { "type": "Point", "coordinates": [ -0.0139448, 51.4309299 ] } },
{ "type": "Feature", "properties": { "name": null }, "geometry": { "type": "Point", "coordinates": [ -0.0148943, 51.4309182 ] } },
{ "type": "Feature", "properties": { "name": null }, "geometry": { "type": "Point", "coordinates": [ -0.0319241, 51.4397786 ] } },
{ "type": "Feature", "properties": { "name": null }, "geometry": { "type": "Point", "coordinates": [ -0.2745132, 51.5087372 ] } },
{ "type": "Feature", "properties": { "name": null }, "geometry": { "type": "Point", "coordinates": [ -0.2750336, 51.5087138 ] } },
{ "type": "Feature", "properties": { "name": null }, "geometry": { "type": "Point", "coordinates": [ -0.2750642, 51.5089608 ] } },
{ "type": "Feature", "properties": { "name": null }, "geometry": { "type": "Point", "coordinates": [ -0.2746586, 51.5089828 ] } },
{ "type": "Feature", "properties": { "name": null }, "geometry": { "type": "Point", "coordinates": [ -0.2746376, 51.5088505 ] } },
{ "type": "Feature", "properties": { "name": null }, "geometry": { "type": "Point", "coordinates": [ -0.2745936, 51.5088534 ] } },
{ "type": "Feature", "properties": { "name": null }, "geometry": { "type": "Point", "coordinates": [ -0.2745887, 51.5088206 ] } },
{ "type": "Feature", "properties": { "name": null }, "geometry": { "type": "Point", "coordinates": [ -0.2745259, 51.5088237 ] } },
{ "type": "Feature", "properties": { "name": null }, "geometry": { "type": "Point", "coordinates": [ -0.2750968, 51.5089847 ] } },
{ "type": "Feature", "properties": { "name": null }, "geometry": { "type": "Point", "coordinates": [ -0.275097, 51.5090003 ] } },
{ "type": "Feature", "properties": { "name": null }, "geometry": { "type": "Point", "coordinates": [ -0.274943, 51.5085178 ] } },
{ "type": "Feature", "properties": { "name": null }, "geometry": { "type": "Point", "coordinates": [ 0.1709472, 51.397774 ] } },
{ "type": "Feature", "properties": { "name": null }, "geometry": { "type": "Point", "coordinates": [ 0.1712825, 51.3979853 ] } },
{ "type": "Feature", "properties": { "name": "Larkswood & Valley Police" }, "geometry": { "type": "Point", "coordinates": [ -0.0251885, 51.6081759 ] } },
{ "type": "Feature", "properties": { "name": null }, "geometry": { "type": "Point", "coordinates": [ -0.1071416, 51.5654051 ] } },
{ "type": "Feature", "properties": { "name": null }, "geometry": { "type": "Point", "coordinates": [ -0.1071675, 51.565422 ] } },
{ "type": "Feature", "properties": { "name": null }, "geometry": { "type": "Point", "coordinates": [ -0.1069033, 51.5654978 ] } },
{ "type": "Feature", "properties": { "name": null }, "geometry": { "type": "Point", "coordinates": [ -0.1071096, 51.5653276 ] } },
{ "type": "Feature", "properties": { "name": null }, "geometry": { "type": "Point", "coordinates": [ -0.1071409, 51.5653337 ] } },
{ "type": "Feature", "properties": { "name": null }, "geometry": { "type": "Point", "coordinates": [ 0.0054655, 51.5291541 ] } },
{ "type": "Feature", "properties": { "name": null }, "geometry": { "type": "Point", "coordinates": [ -0.3290176, 51.4478327 ] } },
{ "type": "Feature", "properties": { "name": null }, "geometry": { "type": "Point", "coordinates": [ -0.3291681, 51.4481023 ] } },
{ "type": "Feature", "properties": { "name": null }, "geometry": { "type": "Point", "coordinates": [ -0.3291935, 51.4481355 ] } },
{ "type": "Feature", "properties": { "name": null }, "geometry": { "type": "Point", "coordinates": [ -0.3291992, 51.4481436 ] } },
{ "type": "Feature", "properties": { "name": null }, "geometry": { "type": "Point", "coordinates": [ -0.3293251, 51.4481057 ] } },
{ "type": "Feature", "properties": { "name": null }, "geometry": { "type": "Point", "coordinates": [ -0.1902661, 51.360979 ] } },
{ "type": "Feature", "properties": { "name": null }, "geometry": { "type": "Point", "coordinates": [ -0.1912674, 51.3610056 ] } },
{ "type": "Feature", "properties": { "name": null }, "geometry": { "type": "Point", "coordinates": [ -0.190261, 51.3615036 ] } },
{ "type": "Feature", "properties": { "name": null }, "geometry": { "type": "Point", "coordinates": [ 0.1148922, 51.3941619 ] } },
{ "type": "Feature", "properties": { "name": null }, "geometry": { "type": "Point", "coordinates": [ 0.1150673, 51.394151 ] } },
{ "type": "Feature", "properties": { "name": null }, "geometry": { "type": "Point", "coordinates": [ 0.1494017, 51.4573546 ] } },
{ "type": "Feature", "properties": { "name": null }, "geometry": { "type": "Point", "coordinates": [ 0.1492622, 51.4572894 ] } },
{ "type": "Feature", "properties": { "name": null }, "geometry": { "type": "Point", "coordinates": [ 0.1496572, 51.4571173 ] } },
{ "type": "Feature", "properties": { "name": null }, "geometry": { "type": "Point", "coordinates": [ 0.1495177, 51.4570579 ] } },
{ "type": "Feature", "properties": { "name": null }, "geometry": { "type": "Point", "coordinates": [ 0.1493843, 51.457177 ] } },
{ "type": "Feature", "properties": { "name": null }, "geometry": { "type": "Point", "coordinates": [ 0.149281, 51.4572748 ] } },
{ "type": "Feature", "properties": { "name": null }, "geometry": { "type": "Point", "coordinates": [ 0.1492153, 51.4572318 ] } },
{ "type": "Feature", "properties": { "name": null }, "geometry": { "type": "Point", "coordinates": [ 0.1493541, 51.4571557 ] } },
{ "type": "Feature", "properties": { "name": null }, "geometry": { "type": "Point", "coordinates": [ -0.1395303, 51.5411128 ] } },
{ "type": "Feature", "properties": { "name": null }, "geometry": { "type": "Point", "coordinates": [ -0.1395449, 51.5411007 ] } },
{ "type": "Feature", "properties": { "name": null }, "geometry": { "type": "Point", "coordinates": [ -0.1393599, 51.5410282 ] } },
{ "type": "Feature", "properties": { "name": null }, "geometry": { "type": "Point", "coordinates": [ -0.1393656, 51.5410238 ] } },
{ "type": "Feature", "properties": { "name": null }, "geometry": { "type": "Point", "coordinates": [ -0.1397102, 51.5407544 ] } },
{ "type": "Feature", "properties": { "name": null }, "geometry": { "type": "Point", "coordinates": [ -0.1398329, 51.5406707 ] } },
{ "type": "Feature", "properties": { "name": null }, "geometry": { "type": "Point", "coordinates": [ -0.1912075, 51.3609284 ] } },
{ "type": "Feature", "properties": { "name": null }, "geometry": { "type": "Point", "coordinates": [ -0.1896646, 51.3609786 ] } },
{ "type": "Feature", "properties": { "name": null }, "geometry": { "type": "Point", "coordinates": [ -0.1908217, 51.3612784 ] } },
{ "type": "Feature", "properties": { "name": null }, "geometry": { "type": "Point", "coordinates": [ -0.1908653, 51.3613538 ] } },
{ "type": "Feature", "properties": { "name": null }, "geometry": { "type": "Point", "coordinates": [ -0.1909233, 51.3611455 ] } },
{ "type": "Feature", "properties": { "name": null }, "geometry": { "type": "Point", "coordinates": [ -0.1910318, 51.3611433 ] } },
{ "type": "Feature", "properties": { "name": null }, "geometry": { "type": "Point", "coordinates": [ -0.1910079, 51.361103 ] } },
{ "type": "Feature", "properties": { "name": null }, "geometry": { "type": "Point", "coordinates": [ -0.1901385, 51.360739 ] } },
{ "type": "Feature", "properties": { "name": null }, "geometry": { "type": "Point", "coordinates": [ -0.1896266, 51.3608496 ] } },
{ "type": "Feature", "properties": { "name": null }, "geometry": { "type": "Point", "coordinates": [ -0.1901551, 51.3607683 ] } },
{ "type": "Feature", "properties": { "name": null }, "geometry": { "type": "Point", "coordinates": [ -0.190911, 51.3611233 ] } },
{ "type": "Feature", "properties": { "name": null }, "geometry": { "type": "Point", "coordinates": [ -0.191234, 51.3609222 ] } },
{ "type": "Feature", "properties": { "name": null }, "geometry": { "type": "Point", "coordinates": [ -0.1911346, 51.361274 ] } },
{ "type": "Feature", "properties": { "name": null }, "geometry": { "type": "Point", "coordinates": [ -0.1911434, 51.3612931 ] } },
{ "type": "Feature", "properties": { "name": null }, "geometry": { "type": "Point", "coordinates": [ -0.1417188, 51.5493749 ] } },
{ "type": "Feature", "properties": { "name": null }, "geometry": { "type": "Point", "coordinates": [ -0.1418251, 51.5493966 ] } },
{ "type": "Feature", "properties": { "name": null }, "geometry": { "type": "Point", "coordinates": [ -0.1426863, 51.5496152 ] } },
{ "type": "Feature", "properties": { "name": null }, "geometry": { "type": "Point", "coordinates": [ -0.1426924, 51.5495737 ] } },
{ "type": "Feature", "properties": { "name": null }, "geometry": { "type": "Point", "coordinates": [ -0.1426062, 51.5495561 ] } },
{ "type": "Feature", "properties": { "name": null }, "geometry": { "type": "Point", "coordinates": [ -0.1424322, 51.5495206 ] } },
{ "type": "Feature", "properties": { "name": null }, "geometry": { "type": "Point", "coordinates": [ -0.1425297, 51.5495405 ] } },
{ "type": "Feature", "properties": { "name": null }, "geometry": { "type": "Point", "coordinates": [ -0.1422223, 51.5494777 ] } },
{ "type": "Feature", "properties": { "name": null }, "geometry": { "type": "Point", "coordinates": [ -0.1984174, 51.457349 ] } },
{ "type": "Feature", "properties": { "name": null }, "geometry": { "type": "Point", "coordinates": [ -0.2241929, 51.4945499 ] } },
{ "type": "Feature", "properties": { "name": null }, "geometry": { "type": "Point", "coordinates": [ -0.2244127, 51.4945402 ] } },
{ "type": "Feature", "properties": { "name": null }, "geometry": { "type": "Point", "coordinates": [ -0.2245179, 51.4945355 ] } },
{ "type": "Feature", "properties": { "name": null }, "geometry": { "type": "Point", "coordinates": [ -0.2240633, 51.4945557 ] } },
{ "type": "Feature", "properties": { "name": null }, "geometry": { "type": "Point", "coordinates": [ -0.224322, 51.4945442 ] } },
{ "type": "Feature", "properties": { "name": null }, "geometry": { "type": "Point", "coordinates": [ -0.2247968, 51.4945985 ] } },
{ "type": "Feature", "properties": { "name": null }, "geometry": { "type": "Point", "coordinates": [ -0.4811578, 51.5490982 ] } },
{ "type": "Feature", "properties": { "name": null }, "geometry": { "type": "Point", "coordinates": [ -0.4808329, 51.5489296 ] } },
{ "type": "Feature", "properties": { "name": null }, "geometry": { "type": "Point", "coordinates": [ -0.4808442, 51.5489136 ] } },
{ "type": "Feature", "properties": { "name": null }, "geometry": { "type": "Point", "coordinates": [ -0.4807308, 51.5488871 ] } },
{ "type": "Feature", "properties": { "name": null }, "geometry": { "type": "Point", "coordinates": [ -0.4807169, 51.5489069 ] } },
{ "type": "Feature", "properties": { "name": null }, "geometry": { "type": "Point", "coordinates": [ -0.4805304, 51.5489865 ] } },
{ "type": "Feature", "properties": { "name": null }, "geometry": { "type": "Point", "coordinates": [ -0.4805674, 51.548923 ] } },
{ "type": "Feature", "properties": { "name": null }, "geometry": { "type": "Point", "coordinates": [ -0.4807258, 51.5492825 ] } },
{ "type": "Feature", "properties": { "name": null }, "geometry": { "type": "Point", "coordinates": [ -0.4807275, 51.5488918 ] } },
{ "type": "Feature", "properties": { "name": null }, "geometry": { "type": "Point", "coordinates": [ -0.4808935, 51.5493685 ] } },
{ "type": "Feature", "properties": { "name": null }, "geometry": { "type": "Point", "coordinates": [ -0.1060871, 51.4917461 ] } },
{ "type": "Feature", "properties": { "name": null }, "geometry": { "type": "Point", "coordinates": [ -0.1058894, 51.4913886 ] } },
{ "type": "Feature", "properties": { "name": null }, "geometry": { "type": "Point", "coordinates": [ 0.0040161, 51.5390234 ] } },
{ "type": "Feature", "properties": { "name": null }, "geometry": { "type": "Point", "coordinates": [ -0.0751961, 51.5581105 ] } },
{ "type": "Feature", "properties": { "name": null }, "geometry": { "type": "Point", "coordinates": [ -0.0603888, 51.5025198 ] } },
{ "type": "Feature", "properties": { "name": null }, "geometry": { "type": "Point", "coordinates": [ -0.0602793, 51.503143 ] } },
{ "type": "Feature", "properties": { "name": null }, "geometry": { "type": "Point", "coordinates": [ -0.0603489, 51.5028302 ] } },
{ "type": "Feature", "properties": { "name": null }, "geometry": { "type": "Point", "coordinates": [ -0.0745552, 51.5581547 ] } },
{ "type": "Feature", "properties": { "name": null }, "geometry": { "type": "Point", "coordinates": [ 0.0309686, 51.5462402 ] } },
{ "type": "Feature", "properties": { "name": null }, "geometry": { "type": "Point", "coordinates": [ 0.031083, 51.5468186 ] } },
{ "type": "Feature", "properties": { "name": null }, "geometry": { "type": "Point", "coordinates": [ 0.0301196, 51.5467202 ] } },
{ "type": "Feature", "properties": { "name": null }, "geometry": { "type": "Point", "coordinates": [ 0.0312031, 51.5463495 ] } },
{ "type": "Feature", "properties": { "name": null }, "geometry": { "type": "Point", "coordinates": [ 0.0312098, 51.5463282 ] } },
{ "type": "Feature", "properties": { "name": null }, "geometry": { "type": "Point", "coordinates": [ 0.0311981, 51.5463651 ] } },
{ "type": "Feature", "properties": { "name": null }, "geometry": { "type": "Point", "coordinates": [ 0.031229, 51.54633 ] } },
{ "type": "Feature", "properties": { "name": null }, "geometry": { "type": "Point", "coordinates": [ 0.0312652, 51.5463125 ] } },
{ "type": "Feature", "properties": { "name": null }, "geometry": { "type": "Point", "coordinates": [ 0.0312223, 51.5463868 ] } },
{ "type": "Feature", "properties": { "name": null }, "geometry": { "type": "Point", "coordinates": [ 0.0302489, 51.5467384 ] } },
{ "type": "Feature", "properties": { "name": null }, "geometry": { "type": "Point", "coordinates": [ 0.0302633, 51.5467491 ] } },
{ "type": "Feature", "properties": { "name": null }, "geometry": { "type": "Point", "coordinates": [ 0.030298, 51.5467527 ] } },
{ "type": "Feature", "properties": { "name": null }, "geometry": { "type": "Point", "coordinates": [ 0.0303128, 51.546745 ] } },
{ "type": "Feature", "properties": { "name": null }, "geometry": { "type": "Point", "coordinates": [ 0.0303684, 51.5467508 ] } },
{ "type": "Feature", "properties": { "name": null }, "geometry": { "type": "Point", "coordinates": [ 0.0303799, 51.5467611 ] } },
{ "type": "Feature", "properties": { "name": null }, "geometry": { "type": "Point", "coordinates": [ 0.0304246, 51.5467657 ] } },
{ "type": "Feature", "properties": { "name": null }, "geometry": { "type": "Point", "coordinates": [ 0.0304388, 51.546758 ] } },
{ "type": "Feature", "properties": { "name": null }, "geometry": { "type": "Point", "coordinates": [ 0.0305067, 51.546765 ] } },
{ "type": "Feature", "properties": { "name": null }, "geometry": { "type": "Point", "coordinates": [ 0.0305199, 51.5467755 ] } },
{ "type": "Feature", "properties": { "name": null }, "geometry": { "type": "Point", "coordinates": [ 0.0305585, 51.5467795 ] } },
{ "type": "Feature", "properties": { "name": null }, "geometry": { "type": "Point", "coordinates": [ 0.0305753, 51.5467721 ] } },
{ "type": "Feature", "properties": { "name": null }, "geometry": { "type": "Point", "coordinates": [ 0.0306422, 51.546779 ] } },
{ "type": "Feature", "properties": { "name": null }, "geometry": { "type": "Point", "coordinates": [ 0.030655, 51.5467894 ] } },
{ "type": "Feature", "properties": { "name": null }, "geometry": { "type": "Point", "coordinates": [ 0.0306902, 51.546793 ] } },
{ "type": "Feature", "properties": { "name": null }, "geometry": { "type": "Point", "coordinates": [ 0.0307039, 51.5467854 ] } },
{ "type": "Feature", "properties": { "name": null }, "geometry": { "type": "Point", "coordinates": [ 0.0307769, 51.5467929 ] } },
{ "type": "Feature", "properties": { "name": null }, "geometry": { "type": "Point", "coordinates": [ 0.0307897, 51.5468033 ] } },
{ "type": "Feature", "properties": { "name": null }, "geometry": { "type": "Point", "coordinates": [ 0.0308247, 51.5468069 ] } },
{ "type": "Feature", "properties": { "name": null }, "geometry": { "type": "Point", "coordinates": [ 0.0308406, 51.5467995 ] } },
{ "type": "Feature", "properties": { "name": null }, "geometry": { "type": "Point", "coordinates": [ 0.0308536, 51.5468008 ] } },
{ "type": "Feature", "properties": { "name": null }, "geometry": { "type": "Point", "coordinates": [ 0.0308488, 51.5468204 ] } },
{ "type": "Feature", "properties": { "name": null }, "geometry": { "type": "Point", "coordinates": [ 0.0310205, 51.5468366 ] } },
{ "type": "Feature", "properties": { "name": null }, "geometry": { "type": "Point", "coordinates": [ 0.0310245, 51.5468216 ] } },
{ "type": "Feature", "properties": { "name": null }, "geometry": { "type": "Point", "coordinates": [ 0.0310997, 51.5468112 ] } },
{ "type": "Feature", "properties": { "name": null }, "geometry": { "type": "Point", "coordinates": [ 0.0311398, 51.5466627 ] } },
{ "type": "Feature", "properties": { "name": null }, "geometry": { "type": "Point", "coordinates": [ 0.0302182, 51.546547 ] } },
{ "type": "Feature", "properties": { "name": null }, "geometry": { "type": "Point", "coordinates": [ 0.0301119, 51.5467194 ] } },
{ "type": "Feature", "properties": { "name": null }, "geometry": { "type": "Point", "coordinates": [ -0.1254257, 51.5095534 ] } },
{ "type": "Feature", "properties": { "name": null }, "geometry": { "type": "Point", "coordinates": [ -0.1253888, 51.5095536 ] } },
{ "type": "Feature", "properties": { "name": null }, "geometry": { "type": "Point", "coordinates": [ -0.1254267, 51.509621 ] } },
{ "type": "Feature", "properties": { "name": null }, "geometry": { "type": "Point", "coordinates": [ -0.1253897, 51.5096207 ] } },
{ "type": "Feature", "properties": { "name": null }, "geometry": { "type": "Point", "coordinates": [ -0.1254254, 51.5096855 ] } },
{ "type": "Feature", "properties": { "name": null }, "geometry": { "type": "Point", "coordinates": [ -0.1254263, 51.5096484 ] } },
{ "type": "Feature", "properties": { "name": null }, "geometry": { "type": "Point", "coordinates": [ -0.1250109, 51.5098115 ] } },
{ "type": "Feature", "properties": { "name": null }, "geometry": { "type": "Point", "coordinates": [ -0.1249066, 51.5098327 ] } },
{ "type": "Feature", "properties": { "name": null }, "geometry": { "type": "Point", "coordinates": [ -0.124934, 51.5098575 ] } },
{ "type": "Feature", "properties": { "name": null }, "geometry": { "type": "Point", "coordinates": [ -0.1250181, 51.5098198 ] } },
{ "type": "Feature", "properties": { "name": null }, "geometry": { "type": "Point", "coordinates": [ -0.1247792, 51.5097626 ] } },
{ "type": "Feature", "properties": { "name": null }, "geometry": { "type": "Point", "coordinates": [ -0.1247838, 51.509761 ] } },
{ "type": "Feature", "properties": { "name": null }, "geometry": { "type": "Point", "coordinates": [ -0.1256517, 51.5096693 ] } },
{ "type": "Feature", "properties": { "name": null }, "geometry": { "type": "Point", "coordinates": [ -0.1257055, 51.5096685 ] } },
{ "type": "Feature", "properties": { "name": null }, "geometry": { "type": "Point", "coordinates": [ 0.1714106, 51.3981991 ] } },
{ "type": "Feature", "properties": { "name": null }, "geometry": { "type": "Point", "coordinates": [ 0.1712215, 51.3983028 ] } },
{ "type": "Feature", "properties": { "name": null }, "geometry": { "type": "Point", "coordinates": [ -0.1166144, 51.595046 ] } },
{ "type": "Feature", "properties": { "name": null }, "geometry": { "type": "Point", "coordinates": [ -0.1167233, 51.5952141 ] } },
{ "type": "Feature", "properties": { "name": null }, "geometry": { "type": "Point", "coordinates": [ -0.1165097, 51.5952674 ] } },
{ "type": "Feature", "properties": { "name": null }, "geometry": { "type": "Point", "coordinates": [ -0.1164302, 51.5951446 ] } },
{ "type": "Feature", "properties": { "name": null }, "geometry": { "type": "Point", "coordinates": [ -0.1162519, 51.5951892 ] } },
{ "type": "Feature", "properties": { "name": null }, "geometry": { "type": "Point", "coordinates": [ 0.0247248, 51.523114 ] } },
{ "type": "Feature", "properties": { "name": null }, "geometry": { "type": "Point", "coordinates": [ 0.0249633, 51.5232558 ] } },
{ "type": "Feature", "properties": { "name": null }, "geometry": { "type": "Point", "coordinates": [ 0.0247799, 51.5230732 ] } },
{ "type": "Feature", "properties": { "name": null }, "geometry": { "type": "Point", "coordinates": [ 0.0251371, 51.5231078 ] } },
{ "type": "Feature", "properties": { "name": null }, "geometry": { "type": "Point", "coordinates": [ 0.0252906, 51.5229763 ] } },
{ "type": "Feature", "properties": { "name": null }, "geometry": { "type": "Point", "coordinates": [ 0.0256165, 51.5226997 ] } },
{ "type": "Feature", "properties": { "name": null }, "geometry": { "type": "Point", "coordinates": [ 0.0256343, 51.5226085 ] } },
{ "type": "Feature", "properties": { "name": null }, "geometry": { "type": "Point", "coordinates": [ 0.0252376, 51.522434 ] } },
{ "type": "Feature", "properties": { "name": null }, "geometry": { "type": "Point", "coordinates": [ 0.0252319, 51.5225821 ] } },
{ "type": "Feature", "properties": { "name": null }, "geometry": { "type": "Point", "coordinates": [ 0.0254757, 51.5224364 ] } },
{ "type": "Feature", "properties": { "name": null }, "geometry": { "type": "Point", "coordinates": [ 0.0254935, 51.5224547 ] } },
{ "type": "Feature", "properties": { "name": null }, "geometry": { "type": "Point", "coordinates": [ 0.0255509, 51.5224558 ] } },
{ "type": "Feature", "properties": { "name": null }, "geometry": { "type": "Point", "coordinates": [ 0.0255511, 51.522447 ] } },
{ "type": "Feature", "properties": { "name": null }, "geometry": { "type": "Point", "coordinates": [ 0.0254932, 51.5224469 ] } },
{ "type": "Feature", "properties": { "name": null }, "geometry": { "type": "Point", "coordinates": [ 0.02557, 51.5224364 ] } },
{ "type": "Feature", "properties": { "name": null }, "geometry": { "type": "Point", "coordinates": [ 0.025926, 51.5224422 ] } },
{ "type": "Feature", "properties": { "name": null }, "geometry": { "type": "Point", "coordinates": [ 0.0259664, 51.5224673 ] } },
{ "type": "Feature", "properties": { "name": null }, "geometry": { "type": "Point", "coordinates": [ 0.0259335, 51.5226316 ] } },
{ "type": "Feature", "properties": { "name": null }, "geometry": { "type": "Point", "coordinates": [ 0.0252208, 51.5225942 ] } },
{ "type": "Feature", "properties": { "name": null }, "geometry": { "type": "Point", "coordinates": [ 0.0256245, 51.5226589 ] } },
{ "type": "Feature", "properties": { "name": null }, "geometry": { "type": "Point", "coordinates": [ 0.0247479, 51.5230978 ] } },
{ "type": "Feature", "properties": { "name": null }, "geometry": { "type": "Point", "coordinates": [ -0.196201, 51.5538691 ] } },
{ "type": "Feature", "properties": { "name": null }, "geometry": { "type": "Point", "coordinates": [ -0.1966318, 51.5537104 ] } },
{ "type": "Feature", "properties": { "name": null }, "geometry": { "type": "Point", "coordinates": [ -0.1965523, 51.5537863 ] } },
{ "type": "Feature", "properties": { "name": null }, "geometry": { "type": "Point", "coordinates": [ -0.3646016, 51.4691313 ] } },
{ "type": "Feature", "properties": { "name": null }, "geometry": { "type": "Point", "coordinates": [ -0.1966005, 51.5537403 ] } },
{ "type": "Feature", "properties": { "name": null }, "geometry": { "type": "Point", "coordinates": [ -0.1964792, 51.5538451 ] } },
{ "type": "Feature", "properties": { "name": null }, "geometry": { "type": "Point", "coordinates": [ -0.196574, 51.5536166 ] } },
{ "type": "Feature", "properties": { "name": null }, "geometry": { "type": "Point", "coordinates": [ -0.0100434, 51.4634111 ] } },
{ "type": "Feature", "properties": { "name": null }, "geometry": { "type": "Point", "coordinates": [ -0.0099014, 51.463444 ] } },
{ "type": "Feature", "properties": { "name": null }, "geometry": { "type": "Point", "coordinates": [ -0.4277588, 51.5761009 ] } },
{ "type": "Feature", "properties": { "name": null }, "geometry": { "type": "Point", "coordinates": [ -0.4274341, 51.5761769 ] } },
{ "type": "Feature", "properties": { "name": null }, "geometry": { "type": "Point", "coordinates": [ -0.4277016, 51.5760064 ] } },
{ "type": "Feature", "properties": { "name": null }, "geometry": { "type": "Point", "coordinates": [ -0.4274671, 51.5758988 ] } },
{ "type": "Feature", "properties": { "name": null }, "geometry": { "type": "Point", "coordinates": [ -0.4274032, 51.5760322 ] } },
{ "type": "Feature", "properties": { "name": null }, "geometry": { "type": "Point", "coordinates": [ -0.4273403, 51.5759285 ] } },
{ "type": "Feature", "properties": { "name": null }, "geometry": { "type": "Point", "coordinates": [ -0.4275299, 51.5760026 ] } },
{ "type": "Feature", "properties": { "name": null }, "geometry": { "type": "Point", "coordinates": [ -0.4274853, 51.576037 ] } },
{ "type": "Feature", "properties": { "name": null }, "geometry": { "type": "Point", "coordinates": [ -0.4275447, 51.5760432 ] } },
{ "type": "Feature", "properties": { "name": null }, "geometry": { "type": "Point", "coordinates": [ -0.427534, 51.5760256 ] } },
{ "type": "Feature", "properties": { "name": null }, "geometry": { "type": "Point", "coordinates": [ -0.42753, 51.5760265 ] } },
{ "type": "Feature", "properties": { "name": null }, "geometry": { "type": "Point", "coordinates": [ -0.4274935, 51.576035 ] } },
{ "type": "Feature", "properties": { "name": null }, "geometry": { "type": "Point", "coordinates": [ -0.427496, 51.5760546 ] } },
{ "type": "Feature", "properties": { "name": null }, "geometry": { "type": "Point", "coordinates": [ -0.4275173, 51.5760055 ] } },
{ "type": "Feature", "properties": { "name": null }, "geometry": { "type": "Point", "coordinates": [ -0.4274808, 51.5760141 ] } },
{ "type": "Feature", "properties": { "name": null }, "geometry": { "type": "Point", "coordinates": [ -0.4273737, 51.5760652 ] } },
{ "type": "Feature", "properties": { "name": null }, "geometry": { "type": "Point", "coordinates": [ -0.4272564, 51.5761777 ] } },
{ "type": "Feature", "properties": { "name": null }, "geometry": { "type": "Point", "coordinates": [ -0.4272248, 51.5761439 ] } },
{ "type": "Feature", "properties": { "name": null }, "geometry": { "type": "Point", "coordinates": [ -0.4273299, 51.5760754 ] } },
{ "type": "Feature", "properties": { "name": null }, "geometry": { "type": "Point", "coordinates": [ -0.4273832, 51.576081 ] } },
{ "type": "Feature", "properties": { "name": null }, "geometry": { "type": "Point", "coordinates": [ -0.4274125, 51.5761412 ] } },
{ "type": "Feature", "properties": { "name": null }, "geometry": { "type": "Point", "coordinates": [ -0.4272346, 51.5761417 ] } },
{ "type": "Feature", "properties": { "name": null }, "geometry": { "type": "Point", "coordinates": [ -0.4272015, 51.5761055 ] } },
{ "type": "Feature", "properties": { "name": null }, "geometry": { "type": "Point", "coordinates": [ -0.4273034, 51.5760628 ] } },
{ "type": "Feature", "properties": { "name": null }, "geometry": { "type": "Point", "coordinates": [ -0.4273134, 51.5760793 ] } },
{ "type": "Feature", "properties": { "name": null }, "geometry": { "type": "Point", "coordinates": [ -0.4272082, 51.5760851 ] } },
{ "type": "Feature", "properties": { "name": null }, "geometry": { "type": "Point", "coordinates": [ -0.4272182, 51.5761016 ] } },
{ "type": "Feature", "properties": { "name": null }, "geometry": { "type": "Point", "coordinates": [ -0.4277523, 51.5760901 ] } },
{ "type": "Feature", "properties": { "name": null }, "geometry": { "type": "Point", "coordinates": [ -0.4277068, 51.5760151 ] } },
{ "type": "Feature", "properties": { "name": null }, "geometry": { "type": "Point", "coordinates": [ 0.0958878, 51.4866045 ] } },
{ "type": "Feature", "properties": { "name": null }, "geometry": { "type": "Point", "coordinates": [ 0.0958878, 51.4866083 ] } },
{ "type": "Feature", "properties": { "name": null }, "geometry": { "type": "Point", "coordinates": [ 0.0957859, 51.4866319 ] } },
{ "type": "Feature", "properties": { "name": null }, "geometry": { "type": "Point", "coordinates": [ 0.0957827, 51.4866265 ] } },
{ "type": "Feature", "properties": { "name": null }, "geometry": { "type": "Point", "coordinates": [ 0.0956886, 51.4866484 ] } },
{ "type": "Feature", "properties": { "name": null }, "geometry": { "type": "Point", "coordinates": [ 0.0956918, 51.4866538 ] } },
{ "type": "Feature", "properties": { "name": null }, "geometry": { "type": "Point", "coordinates": [ 0.0955391, 51.4866893 ] } },
{ "type": "Feature", "properties": { "name": null }, "geometry": { "type": "Point", "coordinates": [ 0.095527, 51.4866884 ] } },
{ "type": "Feature", "properties": { "name": null }, "geometry": { "type": "Point", "coordinates": [ 0.0955109, 51.4866805 ] } },
{ "type": "Feature", "properties": { "name": null }, "geometry": { "type": "Point", "coordinates": [ 0.0955109, 51.4866709 ] } },
{ "type": "Feature", "properties": { "name": null }, "geometry": { "type": "Point", "coordinates": [ 0.0955223, 51.4866538 ] } },
{ "type": "Feature", "properties": { "name": null }, "geometry": { "type": "Point", "coordinates": [ 0.0954959, 51.4866599 ] } },
{ "type": "Feature", "properties": { "name": null }, "geometry": { "type": "Point", "coordinates": [ 0.0954316, 51.4865519 ] } },
{ "type": "Feature", "properties": { "name": null }, "geometry": { "type": "Point", "coordinates": [ 0.0954204, 51.4865544 ] } },
{ "type": "Feature", "properties": { "name": null }, "geometry": { "type": "Point", "coordinates": [ 0.0952932, 51.4863413 ] } },
{ "type": "Feature", "properties": { "name": null }, "geometry": { "type": "Point", "coordinates": [ 0.0954406, 51.4863072 ] } },
{ "type": "Feature", "properties": { "name": null }, "geometry": { "type": "Point", "coordinates": [ 0.0954533, 51.4863285 ] } },
{ "type": "Feature", "properties": { "name": null }, "geometry": { "type": "Point", "coordinates": [ 0.0955225, 51.4863124 ] } },
{ "type": "Feature", "properties": { "name": null }, "geometry": { "type": "Point", "coordinates": [ 0.0955734, 51.4863976 ] } },
{ "type": "Feature", "properties": { "name": null }, "geometry": { "type": "Point", "coordinates": [ 0.0956162, 51.4863877 ] } },
{ "type": "Feature", "properties": { "name": null }, "geometry": { "type": "Point", "coordinates": [ 0.0956745, 51.4864852 ] } },
{ "type": "Feature", "properties": { "name": null }, "geometry": { "type": "Point", "coordinates": [ 0.0958637, 51.4864411 ] } },
{ "type": "Feature", "properties": { "name": null }, "geometry": { "type": "Point", "coordinates": [ 0.0959325, 51.4865628 ] } },
{ "type": "Feature", "properties": { "name": "West Wickham Ward" }, "geometry": { "type": "Point", "coordinates": [ -0.0151663, 51.3757313 ] } },
{ "type": "Feature", "properties": { "name": null }, "geometry": { "type": "Point", "coordinates": [ -0.4165749, 51.5571414 ] } },
{ "type": "Feature", "properties": { "name": null }, "geometry": { "type": "Point", "coordinates": [ -0.4163108, 51.5568975 ] } },
{ "type": "Feature", "properties": { "name": null }, "geometry": { "type": "Point", "coordinates": [ -0.4164528, 51.5568641 ] } },
{ "type": "Feature", "properties": { "name": null }, "geometry": { "type": "Point", "coordinates": [ -0.4164575, 51.5568717 ] } },
{ "type": "Feature", "properties": { "name": null }, "geometry": { "type": "Point", "coordinates": [ -0.4163154, 51.5569051 ] } },
{ "type": "Feature", "properties": { "name": null }, "geometry": { "type": "Point", "coordinates": [ -0.4165487, 51.5571475 ] } },
{ "type": "Feature", "properties": { "name": null }, "geometry": { "type": "Point", "coordinates": [ -0.329181, 51.4481192 ] } },
{ "type": "Feature", "properties": { "name": null }, "geometry": { "type": "Point", "coordinates": [ -0.329451, 51.4480668 ] } },
{ "type": "Feature", "properties": { "name": null }, "geometry": { "type": "Point", "coordinates": [ -0.3295848, 51.4482237 ] } },
{ "type": "Feature", "properties": { "name": null }, "geometry": { "type": "Point", "coordinates": [ -0.3295413, 51.4481699 ] } },
{ "type": "Feature", "properties": { "name": null }, "geometry": { "type": "Point", "coordinates": [ 0.0635813, 51.4997744 ] } },
{ "type": "Feature", "properties": { "name": null }, "geometry": { "type": "Point", "coordinates": [ 0.0635801, 51.4998686 ] } },
{ "type": "Feature", "properties": { "name": null }, "geometry": { "type": "Point", "coordinates": [ 0.063564, 51.4998681 ] } },
{ "type": "Feature", "properties": { "name": null }, "geometry": { "type": "Point", "coordinates": [ 0.063563, 51.4999349 ] } },
{ "type": "Feature", "properties": { "name": null }, "geometry": { "type": "Point", "coordinates": [ -0.0094918, 51.4634718 ] } },
{ "type": "Feature", "properties": { "name": null }, "geometry": { "type": "Point", "coordinates": [ -0.0100816, 51.4633403 ] } },
{ "type": "Feature", "properties": { "name": null }, "geometry": { "type": "Point", "coordinates": [ -0.01, 51.4633591 ] } },
{ "type": "Feature", "properties": { "name": null }, "geometry": { "type": "Point", "coordinates": [ -0.0098687, 51.4633896 ] } },
{ "type": "Feature", "properties": { "name": null }, "geometry": { "type": "Point", "coordinates": [ -0.009934, 51.4634983 ] } },
{ "type": "Feature", "properties": { "name": null }, "geometry": { "type": "Point", "coordinates": [ -0.0097027, 51.4637385 ] } },
{ "type": "Feature", "properties": { "name": null }, "geometry": { "type": "Point", "coordinates": [ -0.0096482, 51.4637512 ] } },
{ "type": "Feature", "properties": { "name": null }, "geometry": { "type": "Point", "coordinates": [ -0.0101566, 51.4638893 ] } },
{ "type": "Feature", "properties": { "name": null }, "geometry": { "type": "Point", "coordinates": [ -0.0100649, 51.4634682 ] } },
{ "type": "Feature", "properties": { "name": null }, "geometry": { "type": "Point", "coordinates": [ -0.0101459, 51.4634495 ] } },
{ "type": "Feature", "properties": { "name": "Greenwich Park Police" }, "geometry": { "type": "Point", "coordinates": [ 0.0029555, 51.473051 ] } },
{ "type": "Feature", "properties": { "name": null }, "geometry": { "type": "Point", "coordinates": [ -0.0096294, 51.4630898 ] } },
{ "type": "Feature", "properties": { "name": null }, "geometry": { "type": "Point", "coordinates": [ -0.0096556, 51.4631425 ] } },
{ "type": "Feature", "properties": { "name": null }, "geometry": { "type": "Point", "coordinates": [ -0.0103058, 51.463555 ] } },
{ "type": "Feature", "properties": { "name": null }, "geometry": { "type": "Point", "coordinates": [ -0.0103653, 51.4636753 ] } },
{ "type": "Feature", "properties": { "name": null }, "geometry": { "type": "Point", "coordinates": [ -0.010341, 51.4636809 ] } },
{ "type": "Feature", "properties": { "name": null }, "geometry": { "type": "Point", "coordinates": [ -0.010401, 51.4637355 ] } },
{ "type": "Feature", "properties": { "name": null }, "geometry": { "type": "Point", "coordinates": [ -0.0102203, 51.4635747 ] } },
{ "type": "Feature", "properties": { "name": null }, "geometry": { "type": "Point", "coordinates": [ -0.0103261, 51.4637528 ] } },
{ "type": "Feature", "properties": { "name": null }, "geometry": { "type": "Point", "coordinates": [ -0.0100184, 51.463369 ] } },
{ "type": "Feature", "properties": { "name": null }, "geometry": { "type": "Point", "coordinates": [ -0.0100685, 51.4634534 ] } },
{ "type": "Feature", "properties": { "name": null }, "geometry": { "type": "Point", "coordinates": [ -0.0100576, 51.4634559 ] } },
{ "type": "Feature", "properties": { "name": null }, "geometry": { "type": "Point", "coordinates": [ -0.0100074, 51.4633715 ] } },
{ "type": "Feature", "properties": { "name": null }, "geometry": { "type": "Point", "coordinates": [ -0.0101067, 51.4632029 ] } },
{ "type": "Feature", "properties": { "name": null }, "geometry": { "type": "Point", "coordinates": [ -0.010103, 51.4631966 ] } },
{ "type": "Feature", "properties": { "name": null }, "geometry": { "type": "Point", "coordinates": [ -0.0097454, 51.4638224 ] } },
{ "type": "Feature", "properties": { "name": null }, "geometry": { "type": "Point", "coordinates": [ -0.0097861, 51.4639197 ] } },
{ "type": "Feature", "properties": { "name": null }, "geometry": { "type": "Point", "coordinates": [ -0.0101385, 51.4638587 ] } },
{ "type": "Feature", "properties": { "name": null }, "geometry": { "type": "Point", "coordinates": [ -0.0097067, 51.4637581 ] } },
{ "type": "Feature", "properties": { "name": null }, "geometry": { "type": "Point", "coordinates": [ -0.0097136, 51.4637565 ] } },
{ "type": "Feature", "properties": { "name": null }, "geometry": { "type": "Point", "coordinates": [ -0.0099057, 51.4634828 ] } },
{ "type": "Feature", "properties": { "name": null }, "geometry": { "type": "Point", "coordinates": [ -0.0095384, 51.4635685 ] } },
{ "type": "Feature", "properties": { "name": null }, "geometry": { "type": "Point", "coordinates": [ -0.0099173, 51.4635022 ] } },
{ "type": "Feature", "properties": { "name": null }, "geometry": { "type": "Point", "coordinates": [ -0.0098582, 51.4633921 ] } },
{ "type": "Feature", "properties": { "name": null }, "geometry": { "type": "Point", "coordinates": [ -0.0098552, 51.463387 ] } },
{ "type": "Feature", "properties": { "name": null }, "geometry": { "type": "Point", "coordinates": [ -0.1174434, 51.4946867 ] } },
{ "type": "Feature", "properties": { "name": null }, "geometry": { "type": "Point", "coordinates": [ -0.1174726, 51.4946498 ] } },
{ "type": "Feature", "properties": { "name": null }, "geometry": { "type": "Point", "coordinates": [ -0.1181545, 51.4944512 ] } },
{ "type": "Feature", "properties": { "name": null }, "geometry": { "type": "Point", "coordinates": [ -0.1170168, 51.4943979 ] } },
{ "type": "Feature", "properties": { "name": null }, "geometry": { "type": "Point", "coordinates": [ -0.1175271, 51.4938269 ] } },
{ "type": "Feature", "properties": { "name": null }, "geometry": { "type": "Point", "coordinates": [ -0.1177383, 51.4939235 ] } },
{ "type": "Feature", "properties": { "name": null }, "geometry": { "type": "Point", "coordinates": [ -0.117792, 51.4938638 ] } },
{ "type": "Feature", "properties": { "name": null }, "geometry": { "type": "Point", "coordinates": [ -0.1177509, 51.4938488 ] } },
{ "type": "Feature", "properties": { "name": null }, "geometry": { "type": "Point", "coordinates": [ -0.1257259, 51.5096579 ] } },
{ "type": "Feature", "properties": { "name": null }, "geometry": { "type": "Point", "coordinates": [ -0.1257262, 51.5096433 ] } },
{ "type": "Feature", "properties": { "name": null }, "geometry": { "type": "Point", "coordinates": [ -0.1257456, 51.5096347 ] } },
{ "type": "Feature", "properties": { "name": null }, "geometry": { "type": "Point", "coordinates": [ -0.1257453, 51.5095536 ] } },
{ "type": "Feature", "properties": { "name": null }, "geometry": { "type": "Point", "coordinates": [ -0.1244304, 51.5095534 ] } },
{ "type": "Feature", "properties": { "name": null }, "geometry": { "type": "Point", "coordinates": [ -0.124366, 51.5095989 ] } },
{ "type": "Feature", "properties": { "name": null }, "geometry": { "type": "Point", "coordinates": [ -0.1245487, 51.509559 ] } },
{ "type": "Feature", "properties": { "name": null }, "geometry": { "type": "Point", "coordinates": [ -0.2648394, 51.5647033 ] } },
{ "type": "Feature", "properties": { "name": null }, "geometry": { "type": "Point", "coordinates": [ -0.2647965, 51.5647061 ] } },
{ "type": "Feature", "properties": { "name": null }, "geometry": { "type": "Point", "coordinates": [ -0.1214171, 51.4902395 ] } },
{ "type": "Feature", "properties": { "name": null }, "geometry": { "type": "Point", "coordinates": [ -0.1208245, 51.4907773 ] } },
{ "type": "Feature", "properties": { "name": null }, "geometry": { "type": "Point", "coordinates": [ -0.1207884, 51.4907796 ] } },
{ "type": "Feature", "properties": { "name": null }, "geometry": { "type": "Point", "coordinates": [ -0.1197927, 51.4905562 ] } },
{ "type": "Feature", "properties": { "name": null }, "geometry": { "type": "Point", "coordinates": [ -0.1197554, 51.4905163 ] } },
{ "type": "Feature", "properties": { "name": null }, "geometry": { "type": "Point", "coordinates": [ -0.1217827, 51.4897752 ] } },
{ "type": "Feature", "properties": { "name": null }, "geometry": { "type": "Point", "coordinates": [ -0.1217809, 51.4897463 ] } },
{ "type": "Feature", "properties": { "name": null }, "geometry": { "type": "Point", "coordinates": [ -0.1208892, 51.4896192 ] } },
{ "type": "Feature", "properties": { "name": null }, "geometry": { "type": "Point", "coordinates": [ -0.1204211, 51.4895454 ] } },
{ "type": "Feature", "properties": { "name": null }, "geometry": { "type": "Point", "coordinates": [ -0.1203908, 51.4895587 ] } },
{ "type": "Feature", "properties": { "name": null }, "geometry": { "type": "Point", "coordinates": [ -0.1200821, 51.4900468 ] } },
{ "type": "Feature", "properties": { "name": null }, "geometry": { "type": "Point", "coordinates": [ -0.2037235, 51.4211139 ] } },
{ "type": "Feature", "properties": { "name": null }, "geometry": { "type": "Point", "coordinates": [ -0.2033383, 51.4213633 ] } },
{ "type": "Feature", "properties": { "name": null }, "geometry": { "type": "Point", "coordinates": [ -0.2032013, 51.4212809 ] } },
{ "type": "Feature", "properties": { "name": null }, "geometry": { "type": "Point", "coordinates": [ -0.2036362, 51.4210992 ] } },
{ "type": "Feature", "properties": { "name": null }, "geometry": { "type": "Point", "coordinates": [ -0.2036665, 51.4210796 ] } },
{ "type": "Feature", "properties": { "name": null }, "geometry": { "type": "Point", "coordinates": [ -0.1126161, 51.4650302 ] } },
{ "type": "Feature", "properties": { "name": null }, "geometry": { "type": "Point", "coordinates": [ -0.0975434, 51.4894174 ] } },
{ "type": "Feature", "properties": { "name": null }, "geometry": { "type": "Point", "coordinates": [ -0.0756474, 51.5575223 ] } },
{ "type": "Feature", "properties": { "name": null }, "geometry": { "type": "Point", "coordinates": [ -0.0756543, 51.5580588 ] } },
{ "type": "Feature", "properties": { "name": null }, "geometry": { "type": "Point", "coordinates": [ -0.3640972, 51.4689645 ] } },
{ "type": "Feature", "properties": { "name": null }, "geometry": { "type": "Point", "coordinates": [ -0.3641511, 51.4691038 ] } },
{ "type": "Feature", "properties": { "name": null }, "geometry": { "type": "Point", "coordinates": [ -0.3644272, 51.4690623 ] } },
{ "type": "Feature", "properties": { "name": null }, "geometry": { "type": "Point", "coordinates": [ -0.3643814, 51.468944 ] } },
{ "type": "Feature", "properties": { "name": null }, "geometry": { "type": "Point", "coordinates": [ -0.4683709, 51.4825406 ] } },
{ "type": "Feature", "properties": { "name": null }, "geometry": { "type": "Point", "coordinates": [ -0.4683661, 51.4826725 ] } },
{ "type": "Feature", "properties": { "name": null }, "geometry": { "type": "Point", "coordinates": [ -0.4683723, 51.4825426 ] } },
{ "type": "Feature", "properties": { "name": null }, "geometry": { "type": "Point", "coordinates": [ -0.4683893, 51.4821481 ] } },
{ "type": "Feature", "properties": { "name": null }, "geometry": { "type": "Point", "coordinates": [ -0.467392, 51.4827384 ] } },
{ "type": "Feature", "properties": { "name": null }, "geometry": { "type": "Point", "coordinates": [ -0.0015879, 51.6324053 ] } },
{ "type": "Feature", "properties": { "name": null }, "geometry": { "type": "Point", "coordinates": [ -0.0015946, 51.6323624 ] } },
{ "type": "Feature", "properties": { "name": null }, "geometry": { "type": "Point", "coordinates": [ -0.0015959, 51.6321843 ] } },
{ "type": "Feature", "properties": { "name": null }, "geometry": { "type": "Point", "coordinates": [ -0.0016174, 51.6318338 ] } },
{ "type": "Feature", "properties": { "name": null }, "geometry": { "type": "Point", "coordinates": [ -0.0010474, 51.6317789 ] } },
{ "type": "Feature", "properties": { "name": null }, "geometry": { "type": "Point", "coordinates": [ -0.0009495, 51.6319254 ] } },
{ "type": "Feature", "properties": { "name": null }, "geometry": { "type": "Point", "coordinates": [ -0.0008646, 51.6321766 ] } },
{ "type": "Feature", "properties": { "name": null }, "geometry": { "type": "Point", "coordinates": [ -0.0010729, 51.6322858 ] } },
{ "type": "Feature", "properties": { "name": null }, "geometry": { "type": "Point", "coordinates": [ -0.0015503, 51.6324365 ] } },
{ "type": "Feature", "properties": { "name": null }, "geometry": { "type": "Point", "coordinates": [ -0.009606, 51.463043 ] } },
{ "type": "Feature", "properties": { "name": null }, "geometry": { "type": "Point", "coordinates": [ -0.0100572, 51.4628865 ] } },
{ "type": "Feature", "properties": { "name": null }, "geometry": { "type": "Point", "coordinates": [ -0.3862766, 51.4886603 ] } },
{ "type": "Feature", "properties": { "name": null }, "geometry": { "type": "Point", "coordinates": [ -0.3862678, 51.4887089 ] } },
{ "type": "Feature", "properties": { "name": null }, "geometry": { "type": "Point", "coordinates": [ -0.3861638, 51.4887016 ] } },
{ "type": "Feature", "properties": { "name": null }, "geometry": { "type": "Point", "coordinates": [ -0.3861556, 51.4887477 ] } },
{ "type": "Feature", "properties": { "name": null }, "geometry": { "type": "Point", "coordinates": [ -0.3861433, 51.4887468 ] } },
{ "type": "Feature", "properties": { "name": null }, "geometry": { "type": "Point", "coordinates": [ -0.3861264, 51.4888407 ] } },
{ "type": "Feature", "properties": { "name": null }, "geometry": { "type": "Point", "coordinates": [ -0.3862718, 51.4888508 ] } },
{ "type": "Feature", "properties": { "name": null }, "geometry": { "type": "Point", "coordinates": [ -0.3862685, 51.4888694 ] } },
{ "type": "Feature", "properties": { "name": null }, "geometry": { "type": "Point", "coordinates": [ -0.3863565, 51.4888755 ] } },
{ "type": "Feature", "properties": { "name": null }, "geometry": { "type": "Point", "coordinates": [ -0.3863938, 51.4886685 ] } },
{ "type": "Feature", "properties": { "name": null }, "geometry": { "type": "Point", "coordinates": [ -0.3860678, 51.4886458 ] } },
{ "type": "Feature", "properties": { "name": null }, "geometry": { "type": "Point", "coordinates": [ -0.3860838, 51.4885569 ] } },
{ "type": "Feature", "properties": { "name": null }, "geometry": { "type": "Point", "coordinates": [ -0.3864386, 51.4885816 ] } },
{ "type": "Feature", "properties": { "name": null }, "geometry": { "type": "Point", "coordinates": [ -0.1653295, 51.5081615 ] } },
{ "type": "Feature", "properties": { "name": null }, "geometry": { "type": "Point", "coordinates": [ 0.1861826, 51.5818073 ] } },
{ "type": "Feature", "properties": { "name": null }, "geometry": { "type": "Point", "coordinates": [ 0.1861324, 51.5817807 ] } },
{ "type": "Feature", "properties": { "name": null }, "geometry": { "type": "Point", "coordinates": [ 0.1860969, 51.5818066 ] } },
{ "type": "Feature", "properties": { "name": null }, "geometry": { "type": "Point", "coordinates": [ 0.1861424, 51.5818307 ] } },
{ "type": "Feature", "properties": { "name": null }, "geometry": { "type": "Point", "coordinates": [ 0.185826, 51.5820615 ] } },
{ "type": "Feature", "properties": { "name": null }, "geometry": { "type": "Point", "coordinates": [ 0.1860513, 51.5821808 ] } },
{ "type": "Feature", "properties": { "name": null }, "geometry": { "type": "Point", "coordinates": [ 0.1860128, 51.5822089 ] } },
{ "type": "Feature", "properties": { "name": null }, "geometry": { "type": "Point", "coordinates": [ 0.1861116, 51.5822612 ] } },
{ "type": "Feature", "properties": { "name": null }, "geometry": { "type": "Point", "coordinates": [ 0.1860524, 51.5823043 ] } },
{ "type": "Feature", "properties": { "name": null }, "geometry": { "type": "Point", "coordinates": [ 0.1861756, 51.5823696 ] } },
{ "type": "Feature", "properties": { "name": null }, "geometry": { "type": "Point", "coordinates": [ 0.1862281, 51.5823313 ] } },
{ "type": "Feature", "properties": { "name": null }, "geometry": { "type": "Point", "coordinates": [ -0.0238941, 51.5280379 ] } },
{ "type": "Feature", "properties": { "name": null }, "geometry": { "type": "Point", "coordinates": [ -0.0243556, 51.5279463 ] } },
{ "type": "Feature", "properties": { "name": null }, "geometry": { "type": "Point", "coordinates": [ -0.0236467, 51.5276287 ] } },
{ "type": "Feature", "properties": { "name": null }, "geometry": { "type": "Point", "coordinates": [ -0.1413386, 51.5499193 ] } },
{ "type": "Feature", "properties": { "name": null }, "geometry": { "type": "Point", "coordinates": [ -0.1419577, 51.5494237 ] } },
{ "type": "Feature", "properties": { "name": null }, "geometry": { "type": "Point", "coordinates": [ -0.1416167, 51.5494114 ] } },
{ "type": "Feature", "properties": { "name": null }, "geometry": { "type": "Point", "coordinates": [ -0.1413677, 51.5499239 ] } },
{ "type": "Feature", "properties": { "name": null }, "geometry": { "type": "Point", "coordinates": [ -0.1413957, 51.5499284 ] } },
{ "type": "Feature", "properties": { "name": null }, "geometry": { "type": "Point", "coordinates": [ -0.1870807, 51.4088073 ] } },
{ "type": "Feature", "properties": { "name": null }, "geometry": { "type": "Point", "coordinates": [ -0.1870099, 51.4088158 ] } },
{ "type": "Feature", "properties": { "name": null }, "geometry": { "type": "Point", "coordinates": [ -0.1868724, 51.4087592 ] } },
{ "type": "Feature", "properties": { "name": null }, "geometry": { "type": "Point", "coordinates": [ -0.186822, 51.4087385 ] } },
{ "type": "Feature", "properties": { "name": null }, "geometry": { "type": "Point", "coordinates": [ -0.1870836, 51.4086473 ] } },
{ "type": "Feature", "properties": { "name": null }, "geometry": { "type": "Point", "coordinates": [ -0.1870877, 51.4085602 ] } },
{ "type": "Feature", "properties": { "name": null }, "geometry": { "type": "Point", "coordinates": [ -0.1863333, 51.4081754 ] } },
{ "type": "Feature", "properties": { "name": null }, "geometry": { "type": "Point", "coordinates": [ -0.187106, 51.4084864 ] } },
{ "type": "Feature", "properties": { "name": null }, "geometry": { "type": "Point", "coordinates": [ -0.1862247, 51.4084989 ] } },
{ "type": "Feature", "properties": { "name": null }, "geometry": { "type": "Point", "coordinates": [ -0.1862436, 51.408139 ] } },
{ "type": "Feature", "properties": { "name": null }, "geometry": { "type": "Point", "coordinates": [ -0.1859777, 51.4083936 ] } },
{ "type": "Feature", "properties": { "name": null }, "geometry": { "type": "Point", "coordinates": [ -0.0535718, 51.528033 ] } },
{ "type": "Feature", "properties": { "name": null }, "geometry": { "type": "Point", "coordinates": [ -0.1623575, 51.4645432 ] } },
{ "type": "Feature", "properties": { "name": null }, "geometry": { "type": "Point", "coordinates": [ -0.1166901, 51.5950271 ] } },
{ "type": "Feature", "properties": { "name": null }, "geometry": { "type": "Point", "coordinates": [ -0.05848, 51.5030619 ] } },
{ "type": "Feature", "properties": { "name": null }, "geometry": { "type": "Point", "coordinates": [ -0.0959782, 51.4993157 ] } },
{ "type": "Feature", "properties": { "name": null }, "geometry": { "type": "Point", "coordinates": [ -0.0959865, 51.4993207 ] } },
{ "type": "Feature", "properties": { "name": null }, "geometry": { "type": "Point", "coordinates": [ -0.0958459, 51.4994744 ] } },
{ "type": "Feature", "properties": { "name": null }, "geometry": { "type": "Point", "coordinates": [ -0.0959425, 51.4995417 ] } },
{ "type": "Feature", "properties": { "name": "City of London Police" }, "geometry": { "type": "Point", "coordinates": [ -0.0913877, 51.5154702 ] } },
{ "type": "Feature", "properties": { "name": null }, "geometry": { "type": "Point", "coordinates": [ -0.0233223, 51.5276904 ] } },
{ "type": "Feature", "properties": { "name": null }, "geometry": { "type": "Point", "coordinates": [ -0.0234157, 51.5278643 ] } },
{ "type": "Feature", "properties": { "name": null }, "geometry": { "type": "Point", "coordinates": [ -0.1167846, 51.5950035 ] } },
{ "type": "Feature", "properties": { "name": null }, "geometry": { "type": "Point", "coordinates": [ -0.1171152, 51.5955141 ] } },
{ "type": "Feature", "properties": { "name": null }, "geometry": { "type": "Point", "coordinates": [ -0.1150709, 51.3379897 ] } },
{ "type": "Feature", "properties": { "name": null }, "geometry": { "type": "Point", "coordinates": [ -0.1149297, 51.3379022 ] } },
{ "type": "Feature", "properties": { "name": null }, "geometry": { "type": "Point", "coordinates": [ -0.1150594, 51.337997 ] } },
{ "type": "Feature", "properties": { "name": null }, "geometry": { "type": "Point", "coordinates": [ -0.1150478, 51.3379905 ] } },
{ "type": "Feature", "properties": { "name": null }, "geometry": { "type": "Point", "coordinates": [ -0.1150326, 51.338003 ] } },
{ "type": "Feature", "properties": { "name": null }, "geometry": { "type": "Point", "coordinates": [ -0.1150041, 51.3380005 ] } },
{ "type": "Feature", "properties": { "name": null }, "geometry": { "type": "Point", "coordinates": [ -0.1149976, 51.3379947 ] } },
{ "type": "Feature", "properties": { "name": null }, "geometry": { "type": "Point", "coordinates": [ -0.2746757, 51.6579125 ] } },
{ "type": "Feature", "properties": { "name": null }, "geometry": { "type": "Point", "coordinates": [ -0.2745468, 51.6579646 ] } },
{ "type": "Feature", "properties": { "name": null }, "geometry": { "type": "Point", "coordinates": [ -0.2744707, 51.6578923 ] } },
{ "type": "Feature", "properties": { "name": null }, "geometry": { "type": "Point", "coordinates": [ -0.2746579, 51.6578165 ] } },
{ "type": "Feature", "properties": { "name": null }, "geometry": { "type": "Point", "coordinates": [ -0.2746743, 51.6578321 ] } },
{ "type": "Feature", "properties": { "name": null }, "geometry": { "type": "Point", "coordinates": [ -0.274616, 51.6578557 ] } }
]
}
